"x","y","z"
-2.35453738626545,2.61454825838131,1.24921285793703
-2.22853068260055,-3.00017045874328,-0.00650392853497439
-2.1747882924132,-3.02567470163742,-0.301567123615871
1.1075633579617,0.445376623301378,-3.55489618424992
0.550814256512367,0.806306082536208,-3.66754325918668
0.138370730347549,3.73164269595906,0.438934393072664
3.11603810737682,-0.290629369032118,2.12799053694356
1.65787513233654,0.563549455822523,3.3616478246992
-2.22891262039899,2.15745180675321,2.10411857366827
0.202501766210373,-1.82217615447797,-3.25014762060959
-0.205426578283626,-1.380063997955,3.45258607883407
-1.82119528276387,2.33331379799057,2.3301475211198
0.398661787994559,-2.76434526101434,2.48025743051058
-0.911047061861838,-2.76934163508467,-2.35943442281209
1.93231764802338,1.76765917913222,-2.64416601445512
-2.87994774537948,-1.25317048408691,2.0256857359435
-0.531634888494383,3.03614251785414,2.10267804148947
0.390712279522346,1.88130934029675,3.17088525281775
1.04952564647755,1.8162961856091,3.04977688300497
0.672644236122199,3.31812255447463,1.71808892849651
-3.28674163643832,1.87188458135544,0.105307596305151
-2.9904334654095,-0.772045425049116,-2.18858176798088
-0.903635148680244,0.734990188469793,3.60793257467078
3.06071202384576,0.800634150047977,-2.0608553480792
1.32283708963202,-0.620132627534633,3.4227597300962
-1.75012340051879,-2.62653972038109,-2.11180898075049
0.258070812517785,0.879277688669382,3.62858528023604
-0.656221808175533,0.4078133096166,3.63122038804208
0.525339659262923,-1.65377126625308,-3.28792524672978
-0.963579624545576,-2.13600572835918,2.99033570608349
-0.433486737383137,3.67039813109548,-0.295377732672993
3.72507604653149,0.470630680988499,0.461152624236924
3.635961027606,0.481042523272415,0.748469708556954
-0.740392437765318,3.52391539042567,-0.906886586825738
2.70973458600863,2.33813958804879,-1.14754682954068
-3.45332678251269,1.32702685904715,-0.537805517844525
-1.92553313811391,0.582525360779376,3.13433689308145
3.63783507034641,-0.282167071636742,0.882764068103026
-0.0759806193520024,-3.6673134039697,0.85607885875592
3.6463439624691,0.343382172230334,0.802842835394479
-3.33063825580078,-1.53195067922501,-0.989078061845517
-0.0901033791663031,-1.5668508438911,3.39853968167748
-0.746805301518828,-1.42751421677841,3.35103295032965
3.70690103672155,-0.257040042487495,0.446667383475263
2.18100900814408,1.94460458343648,2.38652836755621
2.64177511226336,1.591225461403,2.04631256338835
-2.64245005260968,-2.12095890356084,-1.71614708605668
2.7920370758725,-1.41872882816249,2.1114198293906
2.6727012864454,-1.9864612567544,1.77029249409343
-0.724262618867571,2.028286088977,3.0722943668878
-0.723932134258784,1.77903511573586,3.2410392723465
-3.4171061410772,-0.316293488130996,-1.38909771889933
-3.54145136042557,-0.361446353752676,-1.11872670501035
-2.97129353581644,-0.737856752996378,2.13952271525234
2.38868532323752,2.08228549266339,-1.93958601620323
-0.295960664134111,-2.16101346646326,-3.08805819506934
1.71353197243433,-0.754790389131747,3.24804629582497
0.586181080459426,3.20915830251299,-1.80600467791942
3.35540726757131,-1.58425940609228,-0.710429363802029
3.61288631042365,-1.05084256958914,-0.390898424725966
3.06686371298405,-2.19979177208369,-0.0868147088934385
1.71621844211226,2.90051033324607,1.59197544369822
-1.21548715623151,2.61483652238686,2.4637396787318
1.5164290630671,-0.699602350156,3.38692788659316
-0.815261203011019,0.622511237742846,3.60957711820282
-0.35226062263074,2.35264582139181,-2.92350470773599
3.17950799243882,-0.995634077535667,1.70517189045445
-0.560851838846003,-3.70764530631382,0.1096163276413
-0.422465031362545,1.36659335157336,-3.51766249961025
-2.80168334467895,-0.647799300473412,-2.451572388319
0.69104775730867,-3.37301132989776,1.57802741736128
3.11270345572926,2.12303068895751,0.346648725699707
-0.530508047061485,3.4603693071912,-1.32239148849853
1.13209186368893,-2.67222137483018,-2.3207798130512
-3.58015972903004,0.935980347364878,0.168291166093242
-1.74677885743088,3.2668129048142,-0.777084884125008
3.59899291533829,-0.422798579595091,0.996390875387676
2.80318007457052,0.775866286797256,2.35557324744109
2.33819715471391,1.16768222840888,2.64401761320445
1.89370102647991,-2.56667800865734,1.89341404940036
1.88408119596114,-2.75688947880545,1.66033025441478
-0.767027045477119,-2.13717720146364,2.97523636789529
1.44988896156375,-1.74064132346736,-2.9283069081726
2.35177843588794,0.0362747286343076,2.87156327983733
2.69119572708408,2.39274357619478,1.18453788402783
3.27606128110003,1.82614947056031,0.428534266063947
1.07178493242855,2.55463843760487,-2.53697602468796
-0.303297292734133,3.76013445275482,0.252518203089695
3.44700804069477,-0.817224260437616,1.35749245241174
0.881380501472865,-2.94373220794372,2.23239218376903
0.59358784071783,-3.25866760072423,1.71189234439371
-0.145383820948594,-0.396544783439466,3.77440586872661
-0.419561012785389,-0.279603350883857,3.73254217528789
0.616968037966996,-1.95915644760832,3.1633018832711
2.7745660847374,1.89097654301232,-1.58072847229698
2.29545754617131,-0.763858503538219,2.83919719871266
-3.23123509530032,0.144543052466202,-1.90669223340982
2.57648385286368,2.6760280501284,-0.402403122781255
2.02199963765449,2.8428942820352,-1.29183594466633
-2.46937092121825,-2.28870055311512,-1.70689837087021
1.55223462678283,1.18023202193155,-3.22244404021722
-0.771957543223852,-3.38563037030011,1.32527391260067
-1.96401831772721,-0.719081100288975,3.08561806597139
0.855819148386117,-1.16593307731672,3.43769098017559
3.33261208877337,1.73675241290389,0.158156928347127
2.80113167064756,-2.23783620834441,-1.11969422410191
-3.61101637920873,-0.504190870023386,-0.789378868321747
-2.60602561981662,2.67593410301891,-0.387972035201709
-3.45059255404093,-1.29638503235596,-0.483773026825281
0.621224366776915,-3.70135694270735,-0.33475375255172
-0.102131110309335,0.988600795745868,-3.58279161396566
-0.149167502028729,0.695917605353774,-3.63499437170818
-1.87786561856651,1.330462030393,-2.93522765780685
1.76597750096124,-0.415302990508539,-3.25662255020605
2.82606505265392,-2.4591958435383,-0.475571742431558
-0.581857128949898,0.332340810355639,-3.65749517080651
-3.55473850255584,-0.403466143518768,-1.20469774498117
1.28252646882482,3.34284065421305,0.933242341776248
-0.670189425635844,3.28695338731212,-1.70137309336657
-2.61868708053223,-0.994021671287253,2.51892820382365
1.26612032805563,-2.97081050833094,1.90025183553286
1.85300351349979,-2.80671061884249,1.61465009724545
1.6534883042994,-2.49495850434331,2.17672954038762
-1.4295820333488,1.23989178568123,-3.25870621506996
3.68902662906294,-0.653256093387817,0.418003108392438
-1.6021876841258,2.86918873871911,-1.87601655242632
-1.27374605035647,-3.26778071816808,-1.32810560901136
0.555048785289464,-3.70578711042208,0.406528640605226
-3.15052127883556,1.75984739594605,1.0903328625032
3.66736686671595,-0.839537411620714,-0.00868916164335304
2.51752305950615,-2.35636515807763,-1.44454110650398
-2.72118383381577,-1.73282882584444,-1.93259194831106
3.45260370458122,1.27860111924959,-0.751683983838877
-1.44793144679751,-2.93204021242419,-1.90565432377079
3.20195358284749,1.28014905878197,-1.53978977832277
-0.177039057055079,-0.260755065582799,-3.76162627928987
-3.20252425160204,1.44295981431379,1.42221142564074
-0.418581604691124,0.420787180192068,-3.74845237964649
-1.30171512603505,2.31881236348614,2.68741717387259
-1.78317023399213,-2.3577787946079,-2.24984341387366
-2.86275808252282,-0.250828715781157,2.33773073687302
-3.26068232622386,-0.488779651087757,1.8499145331019
0.0905728824953883,3.5117761925122,-1.25771573686046
-0.226435986936538,2.7466438323773,2.56966218552942
0.928877532476627,2.51617869715976,2.56581969396757
2.40219390216589,-1.66350348326948,2.29890110094199
1.42662109442473,-1.16954316328539,-3.27111784042784
2.95389037325983,-1.98526425096126,-1.23715008410937
2.9128143090442,-2.13155618892708,-0.977318550544328
3.09882035332434,-1.89520499153792,-0.989187121813339
2.99426705295864,-1.50163640241244,-1.58050031611454
2.68473828118937,2.57829974016328,-0.28835861281233
0.255243684671292,3.69313027019993,-0.386721718160276
-2.58217678796927,1.49020162356684,2.31292160734155
3.01951928744212,-0.837400785651969,2.07721127585568
2.0298757525593,-2.42001589063203,-1.93744863318857
0.0586696414413115,2.2197846458903,-2.99931040809183
0.657824682069179,-3.25003638838978,-1.67327282497442
-3.15543507156332,0.921334718733579,1.77284965109284
-0.867372908041392,-2.75107695808158,-2.46668998366466
-2.3361188829154,2.70520123006598,-1.19168023081007
-1.17765274523432,2.53579334790821,2.44355239930945
-1.52665657378831,0.372466813766075,-3.35119050989072
-1.36337656489609,0.623056025594407,-3.38503848784229
3.36838575483311,1.56526186373477,0.0101048278558875
-2.0194009737096,-1.27702478732707,-2.92098132773008
2.20207667899674,-2.91819386312689,-0.897026491726646
2.80180470876522,-1.99354685154117,1.52523184173443
1.44710934987905,1.90465154255985,-2.92978301358317
-0.351203581082735,-0.519820432640407,-3.74412296209063
-2.13222814735835,-0.0889425507212283,-3.04745375672836
-2.9083435426647,0.835209632685395,2.14289174812514
-0.824943811577588,1.59875712529645,-3.32138281587733
3.0617185893578,1.74014407354177,-1.40610065500737
1.46100803352088,-0.795282446303901,-3.39701897540359
-1.10287821979495,2.72589562764132,-2.35759189929152
2.76516038202439,2.46846391473284,0.758781828497623
2.50967439898703,2.60101304361223,0.846864976174971
-0.132910513245159,3.73166037531468,0.516237195934678
1.27637670422112,-3.41986036381474,-1.04267204059977
2.59774938021377,2.34949022719581,1.38032221073227
2.31258594954067,2.76718027164897,0.936311124641547
0.171477300064125,3.7210866877777,-0.0759944033458626
2.90510287149042,0.94784495487325,2.10223930368139
0.994579830916966,-1.83861759149122,3.16928575698406
-2.71514695013631,-2.4599748354435,0.962345704029146
0.589256401234148,3.5932063949015,0.721099334549226
0.0987623303237196,-2.21787312081804,2.99433443807809
3.43389595227659,0.526531579578713,-1.38766158291297
-2.42646081697817,2.09501906330018,1.87499095799666
3.54966351151773,1.2412577365936,-0.251564728699636
-2.7641506954975,-1.25931812712707,-2.1808911194572
-2.63867010846966,-1.53208900770727,-2.15963861403665
-0.391753823683086,-2.23622728094999,-3.04558442481049
-0.0763506791615616,-3.62081127508824,0.924998891506809
-3.23669153803473,-1.65230101074949,0.97834021101687
3.35048940685469,-1.08624964883634,-1.21244978437475
-3.42090091597564,1.42629997786141,0.671402271577583
1.13395331753973,3.15676183686464,-1.75931420799491
1.73430191717918,2.96004766552792,-1.52733555874835
3.53793279093448,-0.811470637907704,0.902380451055946
0.960711731383779,-0.0984076325421915,-3.64086721279074
0.303912507055339,3.68821523013746,0.824355288082535
-1.07393544612119,3.60188493717239,-0.0303717417407024
-3.61483899080338,0.404190763122651,-1.09030248172991
-3.1856603560636,-0.747935238015488,1.92638245406466
-0.347034831087452,3.72952510055126,0.605253575386837
0.641761103503254,-1.97785387769365,3.18021214979624
0.647937801755013,-1.7126263597541,3.3223993929875
-1.8712925446841,2.61375641974584,1.94401396643425
2.34268066347249,2.93682296771733,-0.545339060032056
3.39438299247532,-0.894112207833374,1.41322122262103
-3.46656737434564,-0.098133851685482,1.35624381617648
1.3488758183453,-0.777313967401548,-3.44473315801477
1.42607264407981,-0.492907513643359,-3.38345821079156
-0.49856351684879,-2.51968439030075,-2.75002388547675
1.58803965239616,-0.00471224969185673,3.41583744060785
-0.683865046042185,-1.7892041462297,-3.23946188522989
2.61297379731607,-2.49913796872431,1.10558498469206
3.56854352506936,-1.23747561761963,-0.188366986136209
3.36923569630757,1.71275911384584,0.00851202748976659
-3.16020029574231,-1.69516674442407,0.987450960226681
-3.31174308936204,-1.65826857480089,0.730012993367891
-3.16699672987646,-1.91665381863191,0.783739683067288
-1.55537410368208,0.848876344553105,3.33223145624144
-3.34563990780711,1.09070193153312,1.17195241348195
-3.41742495407971,-1.56458871045681,0.245604409392118
0.575569483215277,2.76788759120276,2.44914257576831
-3.02069240561628,-0.312391122714142,-2.11918306289541
-2.82691620886937,2.34705942683028,-0.961938604792002
2.11504719213844,-3.11458578137281,-0.301673227978317
-0.0996202174792222,3.09161925471005,2.12365879171713
-0.630485080308997,-3.70934811955746,-0.155713398951495
2.64501082749937,-0.904170762860488,-2.50454372550731
3.65092048239755,-0.593448463137827,-0.844330569571792
-1.80358074005895,-1.99712527196601,-2.63321241252347
-2.51659460542724,2.80927805918076,0.344655016145275
-3.14749271775054,0.445657371285076,-2.04044675881687
-2.84578772615738,0.984418007315912,-2.30810339540826
-0.986357089997454,-1.70175217426349,3.19452653090792
2.89114698377895,-2.31760035065533,-0.20781791876913
-3.55629545139688,-0.8871512125525,-0.673690632841059
-0.810522714712463,2.77150538532174,2.4394180962313
-1.45881347483715,-3.48809130621725,-0.10493188316711
-2.31491078672371,2.90411203895456,0.0628046919101032
1.57304220882534,-0.327019217565918,3.34187002000958
-2.92596680490535,-1.66287131560078,-1.69143067136616
2.11513336507521,-3.14338278872678,-0.044506499745054
1.96492473329589,-3.24518219332521,0.195650216093561
-2.29749279737507,2.10867440586374,2.13338969664139
-1.14175812054866,3.24446743199204,1.3790168849853
-1.10564378302203,3.53372696260262,0.772425029965836
-0.426078737166828,3.27925519878309,1.86657290252616
0.466602955238537,-2.91064064056754,2.32475887247363
-3.64829535270629,0.732887856536924,0.638806841733673
2.16602212691636,-2.33866701002645,1.99214410196277
2.59704440872401,-1.82191223213915,1.98150022503867
1.31975690614737,3.17591191644489,-1.48328559959882
-3.65726408776875,-0.307179956680746,-0.562856316143982
-1.56707478690117,2.8284054741301,1.81491565372522
-3.07802736605034,2.18595137597448,-0.430192494159221
-2.64115224112117,2.54867602220226,-0.791440270951075
-2.53405644844728,2.22285729246944,1.5919162752324
2.72255239452114,-0.240476096786697,2.58364589295395
1.39769275779729,3.46195507865426,0.0628507038967662
2.0256009502741,2.36321699420187,-2.14817747894336
-2.9181226734451,1.33036342110692,-1.90613198121746
-1.39254046956844,-1.37320354936548,-3.2316833257647
-3.55997329947879,0.0996367688835199,-1.13467072875038
1.29017703283469,3.17437236383658,1.43736900066594
1.99970856790474,-2.22553675905558,2.29292613344575
0.141937467376472,3.37206179043658,1.55790810783316
2.9048452306116,2.23199394101787,-0.931436154796416
2.9629445163411,2.21080621337085,-0.636857552051956
-0.29489987834023,-2.43805326590323,-2.79624308767665
1.91852925624397,-2.37563311185165,-2.10328231043446
2.09140955865,3.02252973641292,-0.645925699792017
3.33078553137726,-0.876889867569548,-1.56724330528126
-0.726948005516007,3.6538855673093,0.693089101400369
-0.41595239010631,1.94739754899395,3.21745849034211
2.79943460042006,-0.569840912329261,-2.46562869867983
-0.507114941459121,2.41963729947445,2.84436984149905
-2.19605743589857,1.1066856602667,2.85550842412419
2.1494506980154,-0.164072158706207,3.04271230258021
1.5967506622063,-0.414845580831888,3.3335118231644
-2.61470372137469,-2.65500566679258,0.545854533496135
3.64938664989978,-0.459502261775247,-0.594125423140747
-0.783937958740817,-3.42189082237029,1.20526193201303
-0.7349579382328,-3.51468203956685,0.923141837722996
2.46858632812686,2.10306604998813,1.92407289175912
2.23356710281563,2.23749654449534,2.05558489075791
1.1087229325583,-3.53097360699544,0.404419177538283
-0.346483374792903,1.85226139012229,-3.23741769259489
-3.11180505018308,-0.367300997007315,2.10938416033711
-2.93463796512149,-1.01529310067642,2.06880020349132
-0.135080935760244,-3.64326255832288,-1.05743606446544
0.0876024497763368,-0.75451813309727,-3.64701432600079
-1.90054677157629,-1.19593211320083,-3.04746003660182
1.10863649016271,3.5396308584952,0.57840223124469
1.66358632533296,-3.30755238927745,0.569140048127828
1.83091373890413,-0.968825156098595,-3.12561922856471
-2.14877767578949,2.17551578960912,-2.15264822535433
-0.0368752449376756,-2.80722554853002,-2.53299275072491
-0.260315658243029,1.82821835412507,3.25942588491473
3.20233994382569,-1.74913753745693,1.00033899583326
3.34071151871116,-1.6767602926218,0.122256227349692
-1.38721270915371,-1.70083059046431,3.06050967639004
-3.26504083620799,-1.72002431053962,-0.308263989107215
-0.909702654777288,3.14699708037165,1.74830829743793
1.28779078225656,2.20321066564264,2.73939831442693
1.11852589767727,2.40993588017622,2.60077982891939
1.29948756147196,2.41481834206492,-2.5798658685071
-0.56725327297978,3.72177618346389,-0.499146301427259
-0.629573992576099,3.2475855902073,1.75929455815876
-0.601287338877811,-3.40179169428279,-1.53687652975661
2.00692963051244,1.61978526195717,-2.72514673804716
3.45421667597152,1.22576465356395,-0.532012257403125
0.327924603160165,3.09582042799035,-2.04121365001642
1.12617482121152,-0.667823333745559,-3.48165353536063
0.542036077123257,-0.428319237506741,-3.71478164507675
-2.85830099686811,-1.61846234809157,-1.73230336314704
0.558425889491833,3.65434039497888,-0.26560998077227
-2.82481954689354,9.93222702257018e-05,-2.49132598451535
3.52862534021494,-1.2076941266143,-0.205352047891921
2.8992433494221,0.407311196796333,-2.37134225452456
1.484278009927,-1.39102594331628,3.11868955716655
-0.71612195999742,2.60127409196534,2.56050878961307
0.0741370875857164,-3.69050954286396,0.684418803594128
3.27132048286248,-1.56527347866366,0.945542079304996
3.41882590317755,-1.55025993866437,0.289077499457487
-1.49067642155146,-3.39246675371867,0.102684560229346
1.52876440388562,-1.61982460713777,3.03441417948799
1.2472534511755,-1.72521142619267,3.05010500080912
-3.64600301738691,0.920450806984398,-0.164482453990358
-1.77686526731181,3.27985928828913,-0.696424020951853
-1.56084611875969,3.3118686031783,-0.903576455692905
-0.447301504806687,-1.94077118345028,-3.22697385948668
-1.5338135390305,1.60626421146397,3.05523892034404
3.6878518907337,0.861331124021182,0.111134968432419
3.72385273217207,0.262919043005443,0.416971396462408
2.47916679091653,-0.0882219626129813,-2.84836563778552
2.23570343418486,-0.17284043640519,-3.00382080116721
-1.93775562222933,-3.12984760556488,0.580757645955683
-0.73105394084851,-3.60165004041333,0.485432749062512
-0.25340073963341,3.26240062626803,1.81615754826975
-1.99803650668897,3.16578272783349,-0.00974759694392476
1.04393186970329,-3.12188017989042,1.79120473159562
1.5094239167949,-3.38533141261167,0.00942684347730535
0.677336432810434,3.61206153260598,0.949133064098621
-3.31670775355837,-1.64607044135243,0.729849642554904
1.71790021079491,-2.61831200737912,-2.09603797212053
-0.463251839123889,-0.870686728719464,3.57015600671764
-0.674637268498219,-1.46942834300891,3.34710067823096
2.92458607305311,1.38529476190893,-1.81475815721544
-3.47268980432747,-0.513274150904253,1.21525252165857
-3.04461906782647,0.814217414945958,2.12073954939897
-1.38217779035533,3.41802749876709,-0.474516390797891
1.55919559117142,3.16742001822588,-1.35431826401504
1.93781744340922,0.951808010336403,3.10007167504136
2.14466714039091,0.783357360410685,2.96064936191256
-2.9789516988896,0.507994342568404,-2.15595247728357
-0.469409807790723,2.0237238775811,-3.08077964992738
-3.21850889214318,-1.69717025118362,-0.911438981343443
2.60439420097846,2.45163631632707,1.07397803238624
1.27767983046242,0.783948668463839,3.45532861419267
-2.79842892942826,2.09084206374818,-1.23620347090183
-0.719683577595641,-3.66034739621252,0.498994815326559
-1.4588032972071,3.36882137746853,0.803302313899478
-1.33755613067545,3.28478526499258,1.06567238919004
-0.686768045240595,-3.61162187129876,0.828203299958334
3.0663137666645,-1.0199534444583,1.85225352600935
-1.07425306304505,1.87938086940656,3.02218259809141
-3.54732776367678,-1.35146733468239,-0.0292471069760948
0.405767207653621,-2.61011753690978,-2.72960212113274
-2.42970041773772,-2.00561947892637,2.07912452801506
1.50851053297021,-0.71345114454655,3.36294016212929
-2.36934763490321,2.84896099515254,-0.123068869145583
-2.02983996759179,-3.11500447792626,0.757909626697869
-0.728348365654629,-3.62192618606018,-0.654802698145648
2.50530092324067,-2.03111480736927,-1.97770612491758
0.94194812408578,-3.30623739167029,-1.50974757406843
0.891036705103905,-0.384121952149977,-3.6658983061469
1.68306598715679,3.1367568802521,-1.21360932328237
0.93068580811859,-3.42352801882455,1.06714802666127
2.00094029166247,2.42752015772612,2.03952067507413
3.36629271200413,1.57541666183918,-0.402958541353101
1.19306085844281,-2.70797582715666,2.27698175626225
0.478240476553159,1.06966793127091,3.56602804092665
0.698989093257694,1.22017514164741,3.42739677516124
0.663476464510824,3.41552654758533,-1.33919897005687
3.63713450964261,0.865107914132575,-0.362698611196219
3.55980174127622,-0.657040989436743,0.780966918341883
-3.66233196776988,-0.0456715607868785,0.948295587849237
-3.58359844476837,0.198008446879356,1.10647929819753
3.50388728030795,-0.567587227488625,-1.1753396836364
1.72567433026171,1.75195793755787,2.85080622064768
-0.368998833237246,1.00319321693913,-3.55180896754079
-1.45179119272131,-1.81821265797104,-2.95290967241811
-1.60382904565626,-1.99015181883076,-2.75817288534956
-1.31592511698446,-2.05194217407104,-2.82057705071231
1.39072897115951,-3.52181685995181,0.240855612677859
1.30442659127958,-3.54790046855617,-0.0463247219365331
1.1325982725347,-1.45434133779768,-3.25233628082295
2.34879075914236,-1.92427750495724,-2.18073635366534
2.49462437083683,-2.24727639046641,-1.60860588108065
1.93620896909139,-1.8636414020257,2.65750311757482
-0.92825826502954,0.514294276084285,3.63184602765818
1.48600421410903,-3.13842845242583,1.42612802102036
-1.77068255524236,0.622300897566065,3.27915086144325
2.37676012641,-1.11077330624855,2.69146783610349
2.59006632954149,-1.05781582613685,-2.54974832745439
-0.50434129913061,-3.20090523866657,1.84977036710039
-0.277986025087407,-3.3540972172869,1.72368901400162
-0.525804776659093,-2.70287004710123,2.55778062848229
2.05434461820991,2.5992489727704,1.77255921203066
2.86802389609769,1.80397810444599,1.56294598255706
-3.25556199215272,1.29715188710561,1.27367945168145
-1.83564083198493,-2.55452144698287,-1.97356429430626
2.94489668489795,2.22907674161685,-0.598725211614622
2.63384332086225,-0.597005762729711,-2.57021093948756
3.55912801122674,0.0489333693898529,1.11525964357254
-2.30142334740695,-2.89985451085338,0.690809326029082
3.72775397123711,-0.326946000902779,-0.152911073815192
2.28544255148055,2.80905524225355,0.822695457688042
-1.9850041853282,-1.6389461484703,-2.74153711181382
0.193901213905447,-2.13322645711645,3.05627270646843
2.97739369124218,-2.2558098107004,0.133467288679336
-2.23090586185574,2.87109513131606,0.923272735929942
0.179422955041014,-0.940634465767476,3.60698921454295
1.89891692640504,-2.05678363508695,-2.442528289675
1.77220705572296,-3.32603273275228,-0.261943991022449
-1.32088764148227,-3.52051825464654,-0.11240496601999
-1.62165011822015,-3.29005527730048,-0.668604344533924
-2.72564679287226,0.34023456067421,2.56391667572478
1.62336507460473,1.03395201965976,3.26845585075912
1.25537511150939,2.83853223676708,-2.13775128347155
1.21226601714001,3.00149228006406,-1.88837881050932
-1.89537655199381,2.27198191220316,2.2679619042559
-1.63440862334729,0.314110431833738,-3.33992934738919
-2.29559900954205,-2.80583226416243,-1.12872903582143
-0.660656833634963,2.31136244326056,-2.85993242785042
-0.379296346285064,0.218777470830187,3.67689457694022
-2.12485878205148,1.40929547009988,-2.70561160416718
-0.145936567380575,-2.31095751932729,-2.94839509767642
3.54987531314188,0.075340496130399,1.24874041351648
-2.17243684713267,-2.81178858845342,1.07323727464823
0.111454714303995,-1.19636808491312,3.5748984674982
-1.45575766276227,-2.2412074122462,-2.68977196424802
-2.92052207279567,-0.145116687917251,2.30766125150528
-2.95095882140919,2.34105639219982,-0.234714507350816
-2.26501765069659,-0.487048748306739,2.94962374723278
-0.107155698462886,-0.949523685373323,3.67569220169093
0.511155290511434,-1.17712774388624,3.55449539358426
0.826357742028274,-0.587197525202154,3.62905242974531
-0.802949739099153,-0.745202887058801,3.6363976133258
1.90111544970979,1.28635233583335,-2.99664931629339
-1.35557994409776,-3.3421791943546,0.983069920162701
-3.31312867786397,0.773568500830841,1.45422671386037
2.5481167258816,-1.0845112799093,-2.5549671936272
0.719523798385593,-3.18138705266119,-1.84721599277869
-0.727381856999911,-3.50526507458977,-1.22858871589901
-0.488002418245847,1.9245357984181,-3.20450874535172
1.78533832629907,-2.12716114176713,-2.45495455840432
0.276053707441623,-3.19855445861799,-1.94411585451273
0.134610524313781,0.257232154274079,-3.74999892076289
0.526580871751197,-2.81319879019953,2.34908420258682
-3.07843675359238,-1.48293104032749,1.63917808406391
1.33528820790992,0.666593417140628,-3.41842549693565
0.339029131360076,-2.52378360606356,-2.72665433953201
0.969705010692134,3.21074871892603,1.64370983118245
1.41842090871223,2.89139055013955,2.00227975357945
-2.63708119915184,-1.7099370856053,2.06231496201473
-2.89687258675699,1.96142894717936,1.28272934139194
2.88379559089436,0.54636782297851,2.34778782941652
3.539024456786,-0.31914388884295,-1.10353392796152
1.74441048093368,0.614855673400088,3.30356593124058
-2.96142564534049,1.93944600539527,-1.12997404157327
2.79948116954656,0.519182427436419,-2.36977112248968
2.28612613756421,2.62361368270704,-1.31316729464283
3.39985657077707,-0.272975024365968,-1.60304700117311
1.23972542966487,0.735281992956774,3.45087813956338
-2.95349463778751,0.906150814832227,2.04610442510454
-3.56957805857949,1.07668464992734,-0.151666099435777
-1.51062699706642,-1.26802512396667,-3.20208213522817
-2.06214453432069,3.00825838703438,0.919801657941228
-0.558206682731727,-1.76237736778321,3.24245962136007
-0.493598143105996,0.395453741591111,3.72738270819984
2.61139574582589,-1.73975434919159,-2.03062479480252
-0.0032698541682234,-3.30921088212592,1.8408044901254
-0.720729615082695,0.462490617176378,3.63160263112434
3.64688977897913,-0.498104263468738,0.384127860382207
3.39016286494833,-0.569482985789034,-1.55733980910095
3.64133149533078,-0.483482830920357,-0.938916578235254
2.99512733614208,1.8597249921521,-1.15215664076476
-0.734611673885694,-2.96241292103575,-2.184281783061
0.39495145812318,3.73637592241372,-0.339882735493975
0.125917929530336,2.35309204738569,2.9568607411693
-2.26080399986898,0.777062312507485,2.88776993849119
-2.54744542163622,-0.378658366373899,-2.68755921460013
-2.60842331062838,-1.01597003183193,-2.48008743790466
-1.75528853600645,-2.95825468256462,1.56404774257491
0.952350705788011,1.8235613859841,-3.11606472436329
1.23216139225679,1.71821965435097,-3.08127824258657
-1.12250379129008,-3.11934804634942,-1.82149791489061
3.5956020843558,0.63280967445788,0.685274982910742
-2.32605906402837,-2.76703828161905,0.818588408241408
2.228486063629,-0.636266922372022,-2.92016891575025
2.00153876024272,-0.55704081251319,-3.10132946609809
-2.15415767468726,2.06785758745081,2.25291643167115
-2.11950060276316,-1.86418039471614,2.40767588273186
-2.26647192219972,0.178846779061001,2.96604593632933
-3.03580806697571,1.91338556291434,1.15064482335339
-2.96991997235333,2.2514719407374,0.371934211736334
2.86780205479316,-0.362333784525791,-2.44873221790665
-3.17928102076991,1.83367972152779,-0.757535660250214
0.757995553332887,1.97762606110637,-3.07809137552988
0.893510883723856,2.48550224199441,-2.65782196180148
1.46558315680288,3.13837433219326,1.45185226747545
-2.00885729851903,2.51346049409925,1.95721662980153
-0.135543864940008,-3.54450511613191,-1.2194338984794
-2.13169055968494,-2.15989248748669,-2.12500226367125
-3.33217276961648,1.38299096538808,1.09765817727752
-2.74166754809485,-1.37503100016227,2.22812719093421
3.12212784579082,1.59403723529042,-1.42956907807858
-3.42812666153978,1.33990878030515,-0.790712911553088
-0.139881007815705,0.799583432322889,3.64020943441979
2.25735686657656,-0.273276261701941,3.02181224044256
-3.2665246678452,-1.07251541724365,1.60990329675887
1.90841245254512,0.869901067654744,-3.11721981609972
1.79330683393114,1.48898732296364,-2.87970791102735
-3.24992201658401,1.32775500178616,-1.29284153924351
-0.562306070176904,-1.44921841151237,3.40998934713307
1.0510432959977,1.17720357227861,-3.41145807980786
0.966534949450156,1.01350172209104,-3.50909523026164
1.52798363404477,-2.72136537768187,-2.13609219114679
-3.1974612199126,-0.212416530582785,-1.945413851218
-2.33929798676651,-2.07540606445978,-2.03389279257113
-1.87741488629392,-2.55608644202184,-1.94148404772182
1.30805317015299,0.637497571424145,-3.47349646518889
0.0246264428377665,-2.99778179031504,2.2083846387422
1.4906228445068,1.94130534992391,-2.80605095556512
-2.86229206294534,0.0717970395538333,2.40993113823154
-3.1144728714845,-0.481999595592764,2.12245396225953
0.553638557212729,-1.42606569150226,3.38485906256052
0.400241658557962,-2.12654393685691,3.09908551664893
2.57055065124845,-1.38391264912248,-2.29529495417425
-1.81638645382401,3.20356442705876,-0.866174230781272
-0.852734281635287,-2.96382812331002,2.05735842917075
-1.19804428996018,3.35215284896352,-1.29469895907887
2.30160087966597,-2.27312479922914,-1.86201462495801
2.06702545545623,2.1683557009976,-2.19306620813013
-3.22979277262264,1.10080193191714,1.5018805768046
-3.11721320734784,1.70653224036371,1.23105658430806
0.899414537893667,1.99127999156815,-3.06160064749299
0.931373550960377,2.4903351159758,-2.61121014549914
-1.63493207355426,-2.40459923266848,-2.41147662871729
-0.47841537596424,-3.65539301823955,0.31721343002481
-3.45104394507052,-1.09863241771602,-0.903551470808567
-0.90312718321499,2.798325062879,-2.39199010290668
-1.22941017236185,2.20669088284451,-2.77152343469354
-1.49273211117062,2.20266104648768,-2.62576227058964
2.84391100410126,2.3414337479734,0.809177165721169
-1.59340139446016,2.11406478745482,2.70709325646162
-1.40636002517309,-3.27082100775991,1.29281513415352
-0.0768045821464725,2.81761636794224,2.4321688284298
2.3204989617023,2.12056474895906,2.04904407431924
2.02397305561731,2.64733514950672,1.75321586043941
-3.74661682639566,0.559850936961429,0.245170816768394
1.07956961622998,2.35587489201282,2.70582947829396
-1.44789970321002,-1.03551202290023,-3.34356237377441
-3.3690622409069,0.998287412465499,1.243154646293
1.10229266671922,-3.46081071891945,0.802881216943935
3.09816956037641,1.76164467787323,1.16858758181999
2.1637076079272,-0.912059280714521,2.95418269204302
-2.25937748380376,1.51041650394258,2.59689312781138
-1.6593843330417,-2.49585223215001,2.21165148998861
-2.77569955408831,-1.49571558520921,-2.05456292753731
-2.75356697131301,-1.21311119570556,-2.15578499930512
3.35606382394392,-0.0312498920775914,1.59951196938172
-0.556044628467505,2.77693382558452,2.39846904518207
2.54693769187012,-2.21398320458575,-1.62321538228662
0.831931986817547,1.22550544196726,3.46563014592675
2.13831525021449,1.14116713175522,-2.89936690878149
-2.98019508079124,2.12215269179747,0.808803442970822
-0.0813201892115513,-1.101679858941,3.56303984013573
2.73567153169847,2.43692431105744,0.535365875110419
-3.34998998086773,1.63680236375023,-0.0969432985466428
-3.53222532886605,1.08946279990574,0.249666972204896
-2.71157301445395,0.637982558120963,2.53064646611987
-2.72288814667159,1.14849476210222,2.30256240978353
-0.56310639323915,2.73117569580089,-2.49204156379976
-2.05464137688468,1.535387591779,2.67588114629175
2.90869023291989,-2.20755950705191,-0.745277267188025
-2.66114378958453,-1.79785726749697,1.93251808956784
-1.00933770147928,-0.878265445037966,3.49600136242347
-2.63930642521036,0.833066825440942,-2.540154464885
-2.89954183188595,0.226739478629766,-2.40758870150204
0.017673614096796,-2.41918912609048,2.83015653499587
-0.970281883473694,-1.93669296747966,-3.00376656439415
1.28524509475314,1.85574159775238,2.99848200320196
3.55536584160864,-1.02660133520184,0.107175635690684
-0.91507286466349,-0.697230814383928,3.54333834659229
-3.47928086178982,-0.229344500836423,1.43487582365197
-1.98202051254164,2.7338197514909,1.61841495846915
-2.19979586471911,2.6642821438825,1.42261042044187
0.113509640246693,-1.73132305445475,-3.34887160071612
-3.59942116595369,-0.0871829975888211,-0.901222314591165
2.78686363373283,-2.49835615406315,0.305519917195766
0.494014426769044,-0.177853917258476,3.72382665736695
0.374678635854199,0.484054377031919,3.7000489586493
0.461876867825183,-3.50658558144731,-1.27922458183155
-1.70664036899478,1.00017820910698,3.23386520228163
-1.74839489053797,1.60633119836973,2.9444448962585
-0.715497346890177,-1.64510699522907,-3.31684578729291
-3.66145399413064,-0.472673401189488,0.771474585743104
-0.397838874725024,-0.457029615780923,-3.74282908282367
1.59340399050168,-2.21371921370672,-2.51887197714826
-1.26262542641764,-1.75408637906758,3.03715214311375
-0.790227862158988,1.80949714165406,3.13163815140339
-1.53349924128668,2.86969711918378,1.87336242932605
-2.15907780788593,-3.06508902171528,0.154849415037842
1.25320542245843,3.10625010265204,1.60418809997787
1.92523811684622,-3.1665116898237,-0.382408837573871
1.63209882680845,-3.37323527897971,0.187032743558562
-1.68786272501574,-2.98259022580669,1.45093859145632
-1.63639737682963,2.79100293878386,1.88871682251778
-0.712306659279758,-1.87411315523852,-3.1257783556329
3.72940609298545,0.347087423696819,-0.593744479751977
0.820324243344729,-2.47702736833811,2.65975041483568
-1.77738885826629,3.03990392223007,-1.33716888053024
-3.06122780200963,0.117043306687562,2.23478713421586
1.05271735333589,3.2851979196768,1.45802953171472
3.54402141624359,-0.391718801478409,1.15655626895052
0.55464860774557,1.18619704976509,-3.46705036723537
0.642030757416478,0.932721028810127,-3.6038541198145
0.841499576956971,1.09675328282291,-3.44923649573947
0.541611294917226,-0.158574052334468,-3.73192884349552
-1.21930683627761,-1.94536235021569,-2.9831252187068
1.25992785713523,-2.24500970221422,-2.75107830072782
1.00162088848909,-2.14766209614826,-2.87108644021037
0.916179763200944,3.34134443870883,1.43203437133572
0.299581389425047,3.52992510612583,1.23923194050696
1.46367043709606,2.61259700337568,-2.21318759637452
2.51859995257347,1.64971744139198,-2.16640951074793
2.31651490273679,1.86954312874579,-2.20434761576041
2.37871738692666,1.68153029334999,-2.43102585619614
-0.429187584914985,-3.70125116103135,-0.468382905614263
3.35305058957049,1.74308328137758,0.361992792742188
0.60232377012888,2.05540743842199,-3.13060302136163
3.20594394998154,0.610746132761621,-1.94584876816165
2.92992836988604,2.30118017176162,0.0405658526955417
-3.46953885839759,1.29570020641343,0.549299423003411
-0.0987381981556901,-3.3459082225207,-1.58314657455486
2.53096448123463,-0.474936717010309,2.74172477605175
-0.888718285054076,2.26060880521628,-2.8272864811068
-2.6517650813889,0.336555662379409,-2.63169299862294
-1.92098134783994,-2.9663090529455,-1.14559680925022
-1.66086462515691,3.30825328288554,-0.146155543868498
-1.51315901481863,3.41948437945126,0.500945449664492
3.17286160520571,0.909566314563222,-1.86904746072769
-0.437651548471532,-2.45095285692485,2.86431357209321
-2.56731106676672,-2.70974783771398,0.674261082165927
3.46566620638069,-1.28263658796771,-0.393952799674263
3.67988167108128,-0.644759604539749,-0.381555675171038
2.0138090091852,0.560820514270317,-3.07036587180523
-1.70878454920895,-0.322119676178918,-3.28030016296638
0.872925451604815,3.61682166207463,0.13488815057043
2.155929098654,-2.35900044099427,-1.94981527475603
1.19933077786554,-2.91477812492688,2.05224523051775
-1.24857571196133,-0.545595483280893,3.50488377242223
0.574313607244933,3.65358331204123,-0.532636292116509
2.6908677441029,2.61735868287549,0.555687980842268
-0.118027229999855,2.71628472699317,-2.53652415574743
-0.162247769600282,3.45132348592519,1.49678747723145
2.97734684487062,2.10163882185426,-0.846235481894549
-3.17992546881795,1.89760963470457,-0.701080549164573
1.16667963533702,-0.811808850645868,3.49986307042523
1.54833633950825,3.37898427722953,0.29472108811433
2.16820524136563,-1.87477232735602,2.46844887562671
-1.03667151470208,0.992265633243907,-3.46769210182588
3.61110498558018,-0.135294633667519,0.871992117129822
-3.27366794370608,-1.50935312050706,-1.0404436650517
0.0822153925197121,-2.81137179735106,-2.43662622614041
-0.725050692375784,1.01867847928263,3.55974601861759
0.29991215027294,1.31567904624669,-3.46250288019696
2.51513001162137,1.1156572515409,2.49555392590982
2.9429242663662,0.692810709592869,2.19368992081827
-3.33816090038175,-0.52526182843257,-1.73020304534663
-3.24284670077535,-0.310455761571734,-1.91828429638769
-1.56790877908348,2.42918793380078,-2.42515534649429
-0.690012714206861,0.00187063467533188,-3.6432860338662
-1.51973020558941,-0.497204948743499,3.4297011124981
-1.43628646331957,0.170310320430802,3.44943705167427
1.5366324156148,-1.38030148823254,3.086285170695
-2.76800853131537,-1.85550970972091,1.71655286781223
2.0030240611543,1.97826093239451,-2.47732132505931
-3.57146291431932,0.255513596235228,-1.07289474134611
-2.04655730670012,2.69835507193786,-1.62805052185824
1.34319619419781,1.5731412042032,-3.0769581219975
-0.704488035468471,-0.88057175107855,3.58264717885696
-1.01520916647765,2.57061965411121,2.56653301032393
3.09836764695446,0.0634589426966285,2.17492253040634
-0.395649463746101,3.59533846517411,0.78239149758415
1.04338315750928,-1.95026683330779,-3.05600173948318
3.67732586528636,0.807200356496929,-0.112498629694037
3.57745910635316,1.0512833810758,-0.257588627876575
-0.889453314359918,-2.29527593429842,-2.79524866352777
-1.1035400592022,-1.75352212674357,-3.13229269282166
-2.0207568463624,-0.966814023190317,2.95248740128239
0.313086773212589,-3.66974985903561,-0.868542408168206
0.704832251453965,3.45471580378121,1.3120352197908
0.738590597174951,-3.36158388456551,-1.46334899145107
1.0759014113624,-3.06340528509516,-1.96358887135879
-2.93780885733963,0.100688973302744,2.36529420319649
-0.0329196872212511,-1.87433570878978,3.21509383321381
0.606919399437728,-2.06444285535132,3.12910420587638
-1.4598599697823,1.64920274325936,3.037139861287
-1.42459897569669,1.03820775569713,3.31708769119451
-2.69346371419026,0.169761409081066,-2.65034729596184
2.33205514562573,2.88920281575952,-0.281281869999305
-0.488982429317305,3.64107511988206,0.786841476627097
-0.599178874896867,3.39077606385955,1.40176921704533
-3.26376384196097,-1.4933031385848,0.939932896163907
-3.43382217740688,-1.32423124470863,0.758010227849902
-3.18789632061796,1.47634604577126,-1.28397378135011
-3.15908029309147,1.66244383476767,-1.04915842944943
1.96903158488932,3.14446321626108,0.251086312616023
1.43495570429589,3.51456392954667,0.0758224663902774
2.32310616575142,1.71456971569613,2.44082436890613
-3.60964084966011,-0.259213144608928,0.935013328191961
2.64252794293328,2.46717661165428,0.859038934366558
-2.04514177492036,-2.66550180324006,1.60731121092912
2.83308386866914,0.425408839376686,-2.43459668801117
-2.87275624263285,2.42513492574426,0.413095659970524
-3.0536727246356,2.23869896542181,0.261069809410844
3.28927848015379,-1.27303182891764,1.21060022772039
3.28881939025914,-1.65346030900559,0.655439925848546
1.07043389521941,-0.916327139119055,-3.4734082886161
0.489780134880324,3.42830415060836,1.49029683895935
-2.04386430333212,1.85927455398199,-2.57572372742277
-2.5344803968965,0.66122500634189,-2.69803671245481
1.2360946026425,3.39542019583483,0.81116971094236
3.05614337091761,-2.18915312246008,-0.333005809596632
1.62431042584512,0.465634645351527,-3.39585104159563
-1.68438640511672,-3.3068085673785,0.219718615918876
0.342709359087073,2.7693892570149,2.54162643927115
2.07903954426183,2.11452016794339,2.25047828969664
3.29162453245188,-1.48949935521341,0.949053697540288
1.45746895378778,1.36810872489918,-3.1164915593019
3.07436113557269,0.961191366714343,-1.8992777418193
-2.08646711785928,1.8728058342276,2.50749017851241
-2.40365300797678,-1.08265276510721,2.69696726043138
-2.14094395166079,1.9502846611847,-2.44528399615731
-2.00725260668598,2.47193510345499,-2.04163013409473
1.87625723390368,1.68110925947827,2.73073518525605
-2.4357691664509,-0.067754725005803,-2.86148337351574
1.34226989869693,-3.39372112905998,-0.822036454411093
-0.60044328824404,1.87037354435776,3.15304304441622
-2.6993077238913,0.498663892686896,2.59445305296535
0.686780993731881,3.52300667954752,-0.928178025016923
0.922732706651739,3.2742429333554,-1.50729147482676
2.43093687867243,-0.899811373219254,-2.75549857093655
2.74372944626099,-1.19545263628541,-2.23811471611114
2.9636490021653,2.0989127670214,0.849888426957386
-0.183394516866741,2.37778647726728,2.83865347847661
-1.44916048545323,-0.214872127747699,-3.46339904680837
-3.30261457392728,-1.70213460716976,0.300783973942373
-1.41565280850438,3.46397109694827,-0.115279578115251
0.306412494424835,3.28510648153165,1.70310342100398
-1.80482461470226,-0.514327250467915,-3.19532384614845
1.96284094278391,2.41377031340758,-2.02776379595545
-1.25680017297675,3.31433207526653,-1.23893684804234
1.20589187279224,-0.0770199296893447,-3.53184979362268
-2.14149651251204,-2.25626808039892,2.08773238355262
-2.07835956911482,-2.93771416217759,-1.17831496471243
1.71768914285535,-2.39623792176248,2.34836323583751
1.58986709713138,-2.58497060528773,2.15178628195864
3.64790728970417,0.880134446620258,-0.30150401896854
-3.132255976234,0.736558494756994,-1.93086897831633
2.20498640735674,-2.87919182468679,-0.870889875161985
0.640662314091519,-0.164624470592365,3.64338553146168
0.299606950943757,-0.744571521458983,3.62690349702226
0.466518304800323,-2.19669719837138,-3.05920197909698
-2.79674979761295,2.54408681103187,0.246917785344558
-2.77139385874964,2.41479251817099,0.906894347199572
1.65216218039059,-1.17126020203517,-3.12598096872232
2.1495460854938,-0.747043834726137,-2.96604746800589
3.71709407347144,0.760326961833528,0.0953955201120665
-2.53796983147185,-0.720749485176861,-2.59778516789738
-2.61010424017945,-2.69288499710818,-0.426159870606912
-2.90340868664703,-1.59466714337912,1.70792750557635
0.407734814761501,0.99959841904255,-3.63693919551905
1.37404255780154,-1.90380146950055,-2.97462597065255
-1.57308871897678,-3.21361044159953,1.22001821906845
2.64274819251422,2.08545163514626,-1.60925715470743
-1.0988290139249,-1.8259463774645,3.10295379860746
-0.553246724337054,0.290609378493065,3.70560140092068
-3.4931595913206,0.701069409175508,1.15846045260555
-3.35582020394229,0.320864596520392,1.69150069551403
-3.63600901527728,-0.817418595134689,-0.314248773312591
-0.186711561202417,-0.772749019709566,-3.62990028071104
-0.477833789477628,-0.70037887147145,-3.65462698384893
-3.25280233467049,-0.265182939225011,1.74723169514671
0.274661981999917,-3.35436281614015,-1.64352428581823
0.165768879202974,-3.55040924749804,-1.06757222593022
-3.11247409587145,1.06078737951331,-1.87401933376248
-3.38087621284442,0.569033134275232,-1.50110236459273
3.67036319534301,0.161650215820963,0.502903438719701
3.5418401600918,1.13349602045651,0.682083223832178
-2.51588929041949,2.79597850018123,-0.447606344975709
-2.72534831066296,2.58241026444902,-0.414191864209439
3.472905593895,0.300168183507143,-1.37547579225797
-0.558716564534773,-2.74473859856064,2.42721618598609
-1.77887143361945,-1.80020267713457,-2.80525522197496
-2.10222715637029,3.10599010761403,-0.580169229238214
-2.60414151577429,2.66776119988076,-0.485478151247851
3.42818242340784,-1.33926242666058,0.920446422909526
0.231314917722968,3.53864189303816,-1.09931228256865
-1.45933245264816,3.45700636729402,-0.0222158029879251
1.95412152614347,-2.69549985163407,-1.80114055230743
-2.82275907846747,0.477290200289035,-2.43103108312233
-0.455735345612482,0.234700502053882,-3.67831127483001
-0.972407085024438,-0.195847531786917,-3.65365961669419
0.457472482262037,-2.81027075844563,2.46992274560085
2.53319005888381,0.226299253124585,2.71920555426089
1.91386689539611,-1.57096358394102,-2.80396903418507
-1.38205321758358,1.49398349833341,3.14596400678538
1.12752603035642,-3.49971697994846,0.825787350711794
2.65048108465109,-0.536650376599679,-2.52596025833802
-3.70153362060401,-0.630450579396304,-0.537629561575765
3.63677407213902,0.758962538753915,-0.0681405867036283
3.57408648290576,0.973620848726432,-0.835334371097677
-1.00980574248054,-1.12304222525824,-3.39841058551119
-2.59062189019079,2.25306459780931,-1.60899070218389
-0.901994863458743,-2.75736656081454,2.34051904206684
-2.54528636508491,2.55394973012932,-1.09847306970952
1.87516792434208,0.442748996190766,-3.2602722871298
1.88883336169597,0.710126841837844,-3.12271014306736
-3.40615834794475,-0.0929432991936644,1.58346436648521
0.816324756549496,-3.68611106353238,0.245497731055797
-0.332290521834226,-3.69110127005422,0.214754091661575
-0.602524043545184,-3.71651961862119,0.344864626591767
2.94596753262081,-1.8096310385176,1.5189976906063
-1.48640778177372,0.265592241864485,3.41066668500977
3.30896943332848,1.79657844151509,0.190857410866222
2.96076723912635,2.30875388743472,0.454221312245764
1.33605728968224,2.99717067843732,1.76540908950371
-1.39146532144601,3.36557600631042,0.799118795444796
-3.14380819783847,-1.98882400977589,0.394330312201389
0.563767356572068,-1.9565961434953,-3.17732862429883
1.86051035470638,-3.16225584544066,0.68455933212008
-1.20366242425212,0.858658167257793,3.42774824189682
-2.30045120378884,2.84597613684048,0.975540818024386
2.86021517269387,-0.56016563447577,2.29068134382982
1.00833988167392,3.24387736419596,-1.6306338255969
1.09812374020674,-2.44904848095243,2.58377412271059
1.25907520534641,-2.89244416491453,2.10374923448794
-1.07321876323874,3.01470321151779,-1.8996984038144
-1.02449002675671,-1.8836973530007,3.08075844321542
-0.886747698593817,-2.12543876109343,2.96591445057492
-3.03603386388576,-2.1032831652922,0.43528927159853
1.93548293310115,-2.06028248947879,-2.47556890638881
-2.30351672157178,-1.66555664235311,2.40369051177271
0.0332935077797112,-0.768949334940188,3.70779025037269
0.506895150562191,-3.73262740753305,0.426132704353417
-3.40645188556963,-1.52240300509923,0.246729391001883
-0.847252421113579,-1.22199852129167,3.48261997674033
-1.93055262812356,0.136792693350551,-3.22736504006476
1.11304157380578,2.91732814629072,-2.02472854507059
-1.08310302646671,-2.28647514558809,2.73573105242335
3.11469256756007,-0.416284588775572,1.98975917549459
2.91386779239199,-1.03005405230866,2.17919374286019
1.27200131804681,-3.5614623449576,-0.364486432791122
3.68826279601052,0.751323660316825,0.17820013922563
3.56928685233695,0.59957235483366,0.822983254785537
0.801537510722931,3.15081957425325,-1.93514263988863
1.47288683984159,-1.3471173111733,-3.2309525272203
1.26200385246706,-1.55628222080794,-3.18217336964733
0.584349116014696,-1.86156858699697,-3.2115234957116
3.3417728498157,-1.61548093164199,0.550267650323498
-0.61330896412752,-2.51437459739389,2.77850302154816
3.38460410578824,-1.66600641776043,0.123389295412931
0.309625680601531,-1.29088862387636,-3.51722248521734
-1.99728403421068,-3.08860069140944,0.945906861842847
-2.82083734378233,2.2717153469391,0.903634323306122
0.109160651735904,-0.905454023933064,-3.59380538944619
-1.33184223480401,-3.49059782866727,0.0949017047425436
1.92018450670805,-2.3022388426014,2.30341174913435
-3.47831425176174,-1.36371234847009,0.616546324190494
-2.57109087012834,-1.72081021909702,-2.1553970259049
-2.74947446254366,-1.65556888024232,-1.92189357483522
2.01972390399001,3.18360554404994,-0.190974176470386
-0.598429295437154,2.99356053507203,-2.20154106916264
3.46671661407883,-1.46943125965356,0.0785601285358648
-1.45669729826688,-1.82444302328635,-2.93233307628927
-2.32185126101683,-1.79436846391029,2.27596245272243
-2.25884026362412,-1.68400289529345,2.54881782736522
1.09410253036104,1.09989311005285,3.40994626861915
-0.792780275069635,-1.94577374414492,3.07443183710677
0.492247456118992,1.39133911253687,3.45046473735353
-2.77679062729607,1.9364903054997,1.52854210112826
-1.02942211383611,-2.90503860967962,2.10648257547376
-3.71496267915479,-0.115639820523108,0.592964250286521
-3.75339783371419,0.0563586788114714,0.348955530932792
1.18168543025251,-1.19092957467401,-3.382151497818
-2.17548943401907,-2.73834863178886,1.3190582570388
-1.26590443611185,-3.04126663497192,-1.86737615849661
-0.980067796361474,0.0225861288088755,-3.66426516399769
1.75939995141434,2.3744080679149,2.26196182294735
-2.32860351414496,2.19149054629906,-1.93117772164228
-2.81422365744616,1.74606933930974,-1.79442237518628
-3.67031419913739,0.674999788059891,0.505191526074552
-3.60591213624474,0.283534857140114,1.04882429013053
-3.25263102029521,-1.82546517628875,-0.42451063205854
-2.60662074810999,1.36215040225827,2.26400632866824
0.514814774143179,-3.40026796595012,-1.56692104044515
3.22524341847603,1.16074984249486,-1.42125487070457
3.31783409061994,1.43669808303672,-0.814452978837221
3.53357613139961,1.18715713929135,-0.243380953980956
-3.05645669739545,2.08373762009332,-0.255494872451559
-3.39579661473677,1.54367746015143,-0.0407567897966143
2.4023300253769,-1.23438401429591,-2.60520668712324
2.86875873436333,-1.10542671951587,-2.13750670256448
2.06526081048466,2.75264579463468,1.3775342181759
2.34386185615605,1.20373117644075,2.59826438012176
2.48527803584527,1.76557900569185,2.25583558330712
3.47393598976475,-0.00220925451200341,1.29818458208187
3.16606950231775,-0.693117197678738,1.91884514285703
3.01595313979039,-0.100311385472528,2.19987066966214
2.61078501894828,0.0390891315205828,-2.67945679539436
2.47506951659444,0.25198540174245,-2.84333931595852
-0.266059519620243,-1.28928857392075,-3.55224412459696
2.29270347326908,-2.88332772733015,0.780449391888781
-1.48823869599723,0.686315261837207,-3.39923691118492
-0.115398395327517,0.000140837569048619,3.73441079512193
-2.6919559118072,2.57006385154536,-0.471943829242609
3.11924964467568,-0.183856278738133,2.01312866824287
3.15662575801245,0.485944264449843,1.95928390529485
-0.653851513514839,3.6270087576348,-0.431445142865321
-0.124406587119377,3.59712780001189,-0.918782110310156
0.45717532639305,3.70644126123693,-0.598248110443955
3.23584741092233,1.32665356457057,-1.23370670584566
3.40286889054229,1.43922828407578,-0.591554264540726
-0.288727823892508,-2.25748728671212,-3.03168498561497
-0.57325353375592,-2.17315864334836,-2.98133818497035
0.41112560486369,3.29874661876851,-1.81105205304336
-3.2848636622351,-0.976186320112468,1.4972560209
-0.588823511965249,1.09751368745698,3.56613234259423
-0.650697534698786,0.43417038849524,3.66140181846834
1.4202756828056,3.48697919702411,-0.168158668502734
3.55198373919749,1.18160450360212,-0.385462313293498
-2.87095641052249,0.48586085677418,-2.34058449054716
-0.625084543449931,2.86325994856886,-2.38614357192963
2.46767854637726,2.77272514786302,-0.323151393147806
3.04952500883355,0.0403198980299039,2.18505649266251
1.66738665196258,-1.33930077289422,-3.08509315137325
-1.95374365139547,-2.66095136014641,-1.68813574187745
0.307608502612315,-3.19779847416838,-1.97506182557529
-0.226493018798164,-2.93852109784605,-2.29198422452245
-3.26915173711395,-0.136318638529657,-1.78381285252577
-1.25218010924655,0.0539261152743238,3.50549621635847
3.07120518128401,-1.18348849631665,1.76767329702661
0.0329767967483755,-1.92380093989824,3.26540996125525
0.356931304053672,-1.32178308000796,-3.46549386888871
-0.489245391890995,3.26762525123317,-1.75929342497923
0.125651860099754,3.41044796609247,-1.52598667065256
-0.731759944367225,3.35997004674069,-1.43737671075326
0.153799306480865,-2.1123623280348,3.14918958674363
2.18177922831832,-3.02110905368431,-0.593342713888568
1.2394917287803,0.782839346110586,-3.50229502599606
0.473092466377254,-2.25064088278009,-2.95898672548453
-1.78675551245787,3.04242745913292,1.1446259466033
-1.66359450866136,-0.379146845871425,3.39395561903369
0.790412943957592,-3.42334362804465,1.43486734690467
-0.522525939236545,-2.62325245326617,2.58363823043317
-3.39972227718197,1.10822565633499,-1.14305282717853
-0.912318816410649,-3.57344312369134,0.447416142750452
-0.948761072680659,-1.49876493102521,-3.31160857198864
-2.75606236936952,2.10433811756017,1.38549566621744
-0.75460474167589,-3.58577043256894,0.897018123586523
-1.31885126586838,-3.41890726771351,0.57035079410419
0.535860296540049,-3.67384095436402,-0.255801642561745
-3.51225717090668,-0.624241655130928,1.11431424506384
-0.689267902678195,-3.67483581714967,0.615411371149123
3.5741855795822,0.0471725935568713,-1.11485471215881
3.50044822656896,0.702109953588422,-1.25104890148238
-3.17228939375936,1.95911604028876,0.185139805078608
0.29659106396951,1.58299784862036,-3.33695996356238
-1.33176350269591,3.21688229407482,-1.42538711904741
-3.22881562456294,-0.721713910400934,-1.74566362638883
0.378029595258826,-2.86107263420223,2.31595357466637
0.0977953928462945,-2.85008756761707,2.425265605616
1.6913676369516,-1.82270486211636,-2.77304906595683
-3.03491707088985,-2.22623339499288,-0.0862322387803084
-2.61518911370527,-2.67033838149267,-0.368239690674178
-1.83989733173853,-2.73668638720696,-1.71834858510388
-3.41618745469078,0.0288269347375711,1.59975118852123
2.03812933356587,3.0333955233792,0.809059791440174
-1.28772874699318,0.0145803846062547,3.47071657776902
2.04578476077217,1.80339989359356,2.62416974626449
-3.36046197094316,1.20290693854021,1.27526846813965
-0.147240886786526,-1.58817563024888,3.3400429912484
-1.96188926349455,1.4309777975141,2.85048273450291
2.42531341931622,-2.72429636367437,1.04063880481413
3.13813437444569,0.658306253486676,1.87150229984087
-1.80688970555063,1.44283722480576,-2.9861222460718
2.64295888140417,-2.63101348858943,-0.696366069562561
-2.36433673989996,0.755083926804866,2.80528271028437
3.47428331116961,-0.813753599916202,-1.09764426414908
2.03345473658488,0.158374187898639,3.14221444866572
-0.16002008868092,-1.87413575613061,-3.23424343690118
-3.42056431737838,-0.413818407710132,1.51089477473209
-3.61710016818275,1.03472983167753,0.390004370219615
-3.53710037858747,1.08395166635277,0.104035412715634
-3.1520013689162,1.9682798017788,-0.573511651911095
-1.34353627854153,3.41215071559445,0.768802712601191
1.97981126903507,1.74850854284018,2.72578319624063
2.12384214465832,-3.11425508411805,-0.151197604546587
0.437068809842168,0.874572132432307,-3.66994573563634
1.23987513235802,1.87793821251148,-3.03518117240568
2.0075686268485,1.94641856244967,-2.52103182015024
-3.14880884090599,-0.365810539005963,-2.07763257233157
-1.15966628794537,-3.45262406253486,-0.85341624311729
1.6721573411697,2.7327368375245,-1.88180815377511
1.76209380599735,2.13412247585217,2.59375965400852
-0.0836662608081231,-3.7316616494254,-0.153288478973274
-1.99645524647469,-3.11606606456101,0.856801874938572
0.681678948274907,0.18298054672145,3.7176958717213
1.49391038116975,-0.917016262371387,-3.26793155556436
-2.65765081302669,2.46468848098056,0.837309002827242
-1.68774404777682,-2.87075063436632,-1.67951793905623
0.66681502378677,3.50355036216744,-1.23288662440789
-1.08882492010096,-2.70768969547616,2.32547315036264
2.35491267328284,-1.98544867260808,2.14427915222341
2.55515616515675,-1.77305785045128,2.07083745680655
-3.06942963505348,0.131010108433659,-2.09662947057643
2.44110232488344,2.67754203890844,0.979651072460448
-3.69245921025853,-0.243821936685893,0.445325335493368
-3.69228728634516,0.375488158592653,0.181916952315751
2.22427670303241,3.02913366984596,0.0249894563543269
-2.07353480888846,1.91717943775328,2.45825250716553
1.79433878874987,3.22484803745812,-0.844129483728375
-2.32650694546541,0.890148986077542,-2.85930694135299
-3.50313871381505,0.78895199128662,0.993334843756498
1.77201764968039,3.2883552772057,-0.268660763155083
1.32141794344293,-3.47214524717197,-0.0984673082708075
1.24600604081954,-3.54416995119678,-0.380826099444128
-3.14925815860555,1.82036477730701,1.09914836474672
2.86315157313865,-0.931061183565425,2.23986126784165
1.18280470170187,-1.4786084239418,3.18245052005546
-3.48218194349567,-0.368294350446198,-1.2031356601818
0.794654397974116,3.32014390426762,1.49683340804325
2.69552565190361,-1.47504522469606,2.12556818413191
2.06086154419823,-2.01738029256921,2.32175730634393
1.60215188976784,-2.50906282636558,2.34937503419997
-2.21508098183214,1.63085471334784,2.54697438888263
0.959711455055092,3.47064595552069,1.13493264568561
1.78180942946028,2.11976611453337,-2.59816003172046
1.83720681300896,2.46840224224738,2.17079189005369
-0.275679536987619,-3.33657800214365,1.68417902825278
-3.40569931500382,-0.187450508388631,1.5085191448229
-3.4397627238499,-0.81391459198026,1.26497975140268
0.786263810429385,3.58107579521384,0.980413554945264
2.71578437442926,1.49732774962432,-2.03640343797811
-2.66615727132014,-2.42091311689945,-1.05743588415004
3.5694272590729,0.758397111197693,0.742819418459395
-3.33048651245322,1.21311305615502,1.22506727393609
1.68712228988515,3.33425967978316,-0.483524355504225
1.14065672298172,-0.120739222089435,3.5686382770275
1.40112311705183,-0.184480705789748,3.43190758985087
-1.68465582675389,1.68026168879894,-2.8356082217436
-0.739563835609195,-1.18409304623329,-3.44868862405737
-1.16071372566847,-3.03084169122675,1.81162817437671
3.64482622713312,0.764194134503557,-0.486936073554665
3.63242195485752,0.233344165557288,-0.985936950379564
-2.36202493767574,-2.76038898337678,1.10436633651339
2.3934977111587,0.7884882105246,-2.79302561135461
-0.192048597953798,0.289033125905375,-3.74602971624759
-0.844336984101239,0.438837296002422,-3.67526551683361
-0.775789376294415,0.630488968519121,3.60080767085218
2.20268728922981,1.24485882892221,-2.7593112744354
0.45792481363345,-3.30468602211926,1.74588244565524
0.323248955157244,-2.97963155601065,2.3195818505761
1.9834005787682,3.14160871401668,-0.211792092564651
2.26579369910191,2.98723552027789,0.379268008138379
3.29220241984411,1.79275163517997,-0.424231483299965
1.53394128016536,1.16181809685071,3.2144790630625
1.28460521307399,1.05176421415487,3.34223143505997
-1.74954164938665,-0.223839131509687,-3.25894641632538
-1.68912250671948,-1.78116508547512,-2.87911708851758
-2.30954463769656,2.90384633493843,-0.351557228236622
-0.203973369162678,1.98175734687123,-3.15362346966781
-0.863061038173279,1.86594256404555,-3.08207362244775
0.907390720354695,-1.43260078184693,-3.37048370171271
0.601816353613244,0.735472843855812,3.58100152046154
1.26688741087467,0.752093660411691,3.4793489885197
0.863578352308706,-1.19152464736104,-3.48455391198051
2.56341376435402,1.86822993854473,-1.92737593187176
-2.09483554233249,3.04017010474284,-0.468197376279747
-1.1625157137715,-2.65422075776813,2.34085799634348
0.381726413155894,3.6611343570978,-0.594910810393415
3.39183932722551,-1.56828751629462,-0.60189583506087
0.887425598833872,3.07963785914907,1.95917808211066
3.16580697155971,0.117494719097969,2.06981050283532
-0.231455816393102,-2.86740172224676,-2.41435457721751
0.82248108144211,-0.163471418108105,-3.62112064758607
-1.28458113642514,-2.44482478962029,-2.58441528064122
2.09232831967666,2.50798563081329,1.86919168300346
0.378604301183992,-1.37077419581715,3.4991788435024
-2.25256548351301,-0.555059111676166,2.94690898694997
-2.16937036265414,-1.20266859678705,2.78378471941232
-0.996030669620935,-0.810735911260086,-3.54700646209165
-0.56212618101281,1.80293248448156,3.28443489636049
3.58283187016887,-0.270817611594701,1.1790229654886
0.0475032346079765,-0.520944627280629,-3.72802672970737
-0.415238417791186,-0.968894939193209,-3.58474990134224
-0.465761035130805,-0.61682860723098,-3.69480076666151
2.63582028187357,-2.01876263830936,1.68033384073146
-1.25773946955386,-2.1553294925076,-2.82732258961234
1.90325137720471,3.1603227758957,-0.480079855434869
2.40666353529192,-1.36934037232248,2.51716939958908
-3.3465921714589,1.56324574909206,-0.696532804639937
-3.74297683166394,0.255983197474038,0.558282305370277
-2.87614040592983,-1.55944330475059,1.89318941104828
1.8645561306453,1.34843271079722,-2.89903305043857
2.3563165574774,1.59735637275907,-2.51284955374637
-3.61770564269302,0.00974023897273595,0.85696655172862
2.19590476110744,-0.757020247362136,2.89186773215752
-2.78825595228928,1.15585124564904,2.18324879862412
-1.8217995788025,-3.23141053739384,-0.0657664970826058
-1.71151432311892,2.60614694453709,-2.13337098834022
-3.19802794379042,1.8972566129605,5.91227126441607e-05
-2.28245818648984,2.20849388816744,-1.91792537057807
3.5465909965517,-0.924847862052754,-0.612857393155567
-3.57452814611987,1.19598709363657,0.29698827015695
-3.4742155810298,1.38543814426809,0.508285900762837
0.628089939676938,-2.19584701985724,-3.00592460321004
0.0142334165593485,-2.44507974283438,-2.8876358935908
-0.64612493027281,-3.62575797964368,0.7141685585062
-2.03891478759759,-1.20122315775502,2.94140695343371
-1.93659447877625,-0.956094060068525,3.0829812444265
-1.8848535021772,1.86372670061618,-2.6098137850262
-0.0488301812811425,-3.72633163030996,0.118300632090932
0.698390694804738,-3.25946421647941,1.74820059772072
1.15870996031116,-1.05247066208779,-3.41625324390837
0.282625111260047,-2.53491877363397,2.70619242431139
1.65237605013756,-2.81776177092352,-1.81556148219009
2.52912122569183,2.14054757370668,-1.69897837952078
3.38608519622401,1.56200189626375,0.0295603499065993
0.631114108208426,-3.66885834647993,-0.121566993961469
1.63795511530785,-3.13123851714151,-1.25047205893493
-0.924911767577338,1.26040400859959,-3.39563605773549
1.33177504205393,-2.61447404983143,2.35943646070551
1.22081135768172,2.59933494918961,2.41073325819389
-1.60611506747711,-0.0215965648680631,-3.36276915795119
-3.77425987518736,0.33644233546646,0.284100537410618
-2.39213940350586,1.94185007775826,-2.20745315519596
0.0439058789410434,3.14809484356389,-1.96591525977814
0.318502319719188,3.21277947821085,-1.86096911762625
-1.18669019625707,-2.81940757047744,-2.14761275982412
1.6963239035854,0.0111567240025584,3.37350132012569
2.25496868331095,-2.89094829634994,0.922345599106321
-3.06930690049635,0.0667058556420898,-2.19712029473819
3.44550866156103,1.17706451274182,1.06644647935858
1.30499769164783,-0.0286659656824084,3.53019356646664
1.74604354454245,2.54249565993858,2.15881078696089
1.9660990072316,2.82390483469887,1.58844820955824
3.62585511980975,-0.921804228465383,0.662635948023959
3.69025021695613,-0.708447992832398,0.460315933739583
-3.68797716579021,-0.110199306868904,-0.330869857102828
0.542349113499979,3.26571096144253,-1.71543900074869
-3.03952205783424,-0.659374438311184,2.02275898217979
-1.25761244019729,0.403412508397551,3.55847226711404
2.72955496396298,-0.421234482796548,2.59693389126088
0.062955437018963,3.62253451331882,0.989514707521205
3.41158526097892,-1.53980968585009,-0.233266584928955
-1.76619597751438,-3.18322370981699,-0.892895122011248
1.57746859898143,-0.790700904491479,3.28935157880892
-2.86052780246425,1.90877404827058,1.46626898080962
-2.38214978516631,-1.19307541344433,-2.56903470649124
0.631816661507872,3.61156978721548,0.632153153355252
-0.0918947893749154,3.03382546550856,2.14762968555337
-1.50139494348054,1.93864001436554,2.86538276378942
-1.96189313436025,1.45179889852329,2.80328490455116
3.53631449689422,-0.951575908329483,-0.594040530411491
1.81831464351359,1.19460969060758,-3.03099059478095
2.06666838525022,1.02667919214185,-3.0041434971637
2.29613829204376,0.0336839852966155,2.93716601308079
0.0425361880281853,3.35334938956123,-1.61281673236578
0.572404207737108,-0.680414238166276,3.62168292752148
-0.5058298259566,-3.60250325594503,0.822563405584527
-2.44849875854937,2.5928239481112,-1.13893981848683
-3.36781360209785,0.114825785402455,1.53071973925953
1.40441139509552,1.4246468094285,-3.11794767909852
-2.71573932392245,-1.85078724347733,-1.7179705934683
-2.35488453752291,-1.21386501950101,-2.64565244863944
3.31129994388153,-0.412752548043712,-1.79805622431924
-1.83254348079147,1.32366256945042,3.00237035298856
2.96583456511027,-1.25542232194945,-1.89132145660197
2.8267707444406,-1.48377600107248,-2.02958515759298
-2.72258914432302,-0.612554091063034,2.47846345793581
-1.38620226214184,-1.45057914746664,3.18450029724325
-1.8801714024409,-1.4554093642059,2.85004664157156
-2.25437082757809,-1.19479066638518,-2.75815489568691
-2.65778875522966,-0.686354067088922,-2.58017961609625
0.486366596090508,0.752054962636515,3.67527179210506
0.129148598026995,1.30733370395278,3.54492678337164
-0.218838718236255,-3.74638660516144,0.596260193687673
2.49992168245132,-2.62237472906373,1.0484370152068
1.07902895907676,-2.35975325451621,-2.72540475838614
2.97070683699467,-2.05345523063541,1.01336449585478
-0.896175926356562,-2.96832302716479,-2.16782929920851
2.81906509281881,-2.38929997141932,0.619976955344486
-0.637171606777334,3.32780702047577,-1.67139463787088
2.32856627524296,1.50211211075001,2.45994794770543
-1.86117366307816,-1.69530089204385,-2.7945781331457
2.27567122046541,-2.81331389952414,-1.13903593487603
3.53710756537172,-1.19508324678161,0.0460185341102643
-0.110090586783222,0.259243949171623,-3.69220207536865
1.46061093348556,1.37375444485325,3.18502646389329
1.84589420358655,-2.12820063094758,-2.4670162918671
-3.09544807029694,1.99442977098441,-0.377665728690398
-0.216142472897176,2.66319175702403,-2.67863454260157
0.113855510117476,-3.5187040460249,1.21985651971909
2.34011291675841,2.81578510328393,-0.741884558407066
-0.506788680624581,-1.64860014852659,3.34589245766005
-2.22393602422539,2.05925422419526,-2.18050873609576
-1.50266669016285,2.20097069023882,2.70310587398004
-0.991408254137575,2.5842120047277,2.4917533096194
1.17091402280067,-2.7113648162774,2.27776183598837
0.371280533444302,-1.57894611777261,-3.40196176653222
-1.17881953005682,0.985190369538041,-3.4665413505421
2.88030157192215,1.44607480124497,-1.85451461757205
-1.76992252315503,-2.54893677117335,-2.09454242947934
-1.41492030222764,-0.725573081468403,-3.39974116454468
-0.362267746989621,-3.68239225139278,0.131823467612073
-0.83204394322241,-2.23766074531533,2.92792730420916
1.32726499705632,3.4894664364601,-0.00705152192870165
0.960404928814785,-2.91341410324012,-2.22254364176969
-2.01337355534111,-2.9595768349887,1.05395945368086
1.5504270684785,-1.77557727007116,-2.94494942889577
2.90182425331961,-0.219127812899358,-2.31963286364869
-2.58806397117486,0.0306623793412889,2.71976143501012
1.84156931085349,2.33103166272661,-2.23542224134265
0.0860327405170322,2.59680529007283,-2.63908203225293
-0.126487172133638,3.06546180306071,-2.20534782843567
0.439514253990458,0.180631410477752,3.67195190744481
-2.64275418122855,2.22726224355384,-1.37939404507435
0.433086714787741,-2.33954049095345,-2.95836140278335
0.670205268365238,3.55891692074386,-0.836212498195836
1.67249630081012,-1.31849311202825,3.07022496889376
1.97623390818092,1.64557834780158,2.79689924610966
-0.732970416226828,-0.138429552555157,3.64482679389418
-0.639015358968544,-0.424389466258337,3.64543914221171
-0.599403820233015,3.38873776344204,-1.47654183206967
0.135048533048342,-3.70142919662235,0.519936908306679
0.0999738144954263,-3.50386130686203,1.22227334813101
0.204503500768813,-3.21797114513314,-1.99071385704238
-0.391737687815967,0.442156381400477,3.65816613887843
-2.23560400503554,-1.88592210212177,-2.32137212131078
3.06575643098987,2.09784294881839,-0.463268184320813
3.13994048282508,0.784894833108895,-1.94815907585199
2.08062716121854,-2.80607377328765,1.44826447029123
-1.2451367596911,-3.50007024824663,0.702890824173246
3.49178510467625,-0.659681971348455,1.13413822935967
3.35758017419381,-1.31740261156656,1.08595528564209
2.14884146838172,-1.06919164118576,-2.9425396354244
-1.19277647221666,-3.45573032159113,0.862238933659282
-1.55294781279924,-2.55745435470723,2.19660896814045
0.0741127619716859,3.28262414299542,1.73101434587391
0.27582810909745,3.39720067452066,1.53922243478907
-0.512419979110584,3.66562202023981,0.483084737955402
-2.29007687022818,-2.04106679270709,2.16579862039647
3.38468397224557,0.572581434928956,-1.59509119767612
-2.3740336188638,1.31735469379354,-2.55153918355602
-3.06801381629363,1.2980509823361,-1.66165110349669
-3.15491851679649,1.02045853823551,-1.73905270560394
1.46031693057667,-2.04505850947856,-2.77323924042249
2.18420300954964,0.606378100001679,2.98230906882601
1.08472676581706,0.670605287698831,3.51436827152961
-2.24534908622274,0.224844965306949,3.01248534275995
-1.68109190390476,0.238971035790158,3.37901404059312
3.02612839907195,1.84536251526993,1.28193503660859
-2.13232720144325,1.09591133384917,2.92947944339063
-1.71525476821993,1.47161384476851,2.94298797768717
-1.28757179538451,3.54400519768832,0.0788871098935475
-0.419575344607703,-1.56214109948827,3.33462927602834
-0.954753236811435,-1.16914848550225,3.44449478039072
2.55972940954066,2.30988135507651,1.4029151190201
2.45217789345279,2.53598979907306,1.23585631817243
-1.3929669200924,-1.39515273486848,-3.19081231544516
2.7839866523223,2.32313071188544,0.748556361337
0.883637343142919,-3.43662983555503,-1.07817204818967
-2.14904334453459,1.22358150814891,2.76053736687233
3.71383643176678,-0.0279485632313011,0.0845617719788925
-3.43929239885138,0.156008944400582,-1.36771884203256
-3.28153989818029,-0.253001413548058,-1.87835929834477
3.24934313514347,1.16272625557919,1.40301288751351
-1.50524934125941,3.05158766063393,1.67945600969404
1.17274941809067,3.075705230332,1.7624284036478
3.30511706534943,1.57067049946493,-1.01642035346558
1.29161385291728,0.305876885703794,-3.46026453424973
-0.768716454126771,-1.62186490028543,-3.31721157613883
-0.450510806141791,3.07031753185554,2.02811585343726
-0.410515637118474,3.24270083161801,1.78462995155011
-1.49245605031144,-3.13939699510451,-1.32034845030617
-0.760731766476744,-3.25279293705753,-1.75870794652991
0.0157912256277892,3.38595262431212,1.56718676063299
3.36691121975062,1.55793532534011,0.657412757419398
2.79170105953775,2.56708210040175,-0.200582036657659
2.71207985248509,2.46564345834737,-0.861111873444492
2.33652855846257,2.92503155355922,-0.543538569252144
3.52747123475059,0.922854163049805,-0.847213963293492
-0.334010319681314,-2.78155333828932,-2.56007287336841
-2.81222919523942,0.760760071265407,2.31161948233735
2.74974130131532,-0.762182628671198,2.43884935810315
-0.662971813645578,1.36010620282045,-3.41714812243911
2.00197990121058,-1.77075993885857,2.6969526511197
1.98161203971492,-2.81988720200739,1.55701858536952
-3.67655488976792,-0.553495197699755,-0.498020305048111
-3.74633279313052,-0.261610608506521,-0.521159682607102
-3.53313756274517,-1.3684300747589,-0.0988766357932718
-3.3030441117631,-1.6166954732632,0.482802223819713
-1.01894357344051,-3.57199356051069,-0.308464505683641
1.0223694118259,-3.13558144997521,-1.73588515796477
-3.3351081296204,1.25402881505247,-1.05773778464946
-1.68776363840349,3.25167638921185,-0.674522355297703
-0.74810108651008,-3.15947028881945,-1.90678546440509
-0.452113754549381,-3.11916951841176,-1.94377664204697
-0.505951876300742,-3.49304804469292,1.19662089921811
-0.307924952928701,-3.55712291294954,0.979179530390325
3.5637138399606,1.15099903822838,-0.193530730814293
-3.3440024568836,-1.66703765438239,0.601303972984727
1.58027061717351,3.36319822685331,-0.759913315869306
-3.14999306187996,1.94548884198202,-0.264573258385346
-3.04591244967641,2.22684845509017,-0.239976627011002
-0.514987063568829,-0.685596124880867,3.68137566907985
0.10715316571896,2.63840249068359,2.65233792982898
-0.626931373661279,0.477393034513151,-3.63168496552308
-2.50741111243958,1.40669749028042,-2.34576606238474
-1.54977459333149,3.22021989566905,1.13215900943886
-1.22767279059743,-2.45764931860061,-2.59914588167239
-0.95767258388878,-2.40928369981066,-2.72308802662862
-2.52943622391448,1.88335546629978,-2.04516152186104
-2.97176533729265,1.67636246220042,-1.58209797145786
-2.09630706168153,-2.58663599560519,-1.82675894280023
-1.79056076799366,-2.33828232616946,-2.37244077205052
-0.794339381178322,2.68638052639867,-2.56382443007649
0.644404845520297,-3.59184527440936,1.03029511277128
2.93440319642567,2.24686030284251,0.37778992548268
-2.42653629742577,2.43003687747649,1.43223403745033
2.4490008558046,0.285075977818255,-2.78581176238105
-3.50120063726301,-0.727429330839239,0.989489362569517
-3.47372758305352,-0.69781482318229,1.28136090457505
-0.00777027133199631,2.99885908355837,2.19266005680583
3.32529529382149,0.978401911541475,-1.5096308169963
2.78890134914507,0.426391755191256,-2.47595888583373
-0.91593805721043,3.59916672735435,-0.27936557413136
0.153588930967115,0.199341515970538,3.76787225645823
-2.91802914076449,2.21554776825122,-0.552685005730761
2.41192941373817,-2.75513600115404,0.867245622610508
-0.609442160186822,3.41853741039945,1.28060308770027
-3.48542362624361,-0.0989948445256439,1.23847310388441
-0.712390378752782,0.332181027457158,3.62224082099515
2.49795844017527,-0.0801600982855569,2.80293747581433
-2.92771713291157,-0.361259973567284,2.30508269304856
-0.991633771900663,-2.64491622820432,-2.41025955112624
1.84022884623387,0.706589433278785,3.13618093968221
3.29274281083859,1.51821967700057,1.0621190855326
0.361361877454624,-3.67122412042666,0.655636164691642
0.726756435739772,-3.49699402059084,1.19327887977928
-3.60141029901133,0.281882296009548,-0.89658455428318
-3.72637864803787,0.562598415173798,-0.297827197599404
-0.476845444339738,-3.51135604696763,-1.30782893136403
-0.588464076032732,-3.55636343776749,-1.03193653235243
2.27862040806808,-1.48700335111452,2.64176263139372
1.73966830388516,-1.43306337993078,3.04119987165244
2.33380741669097,-1.6982833481922,2.34858418734618
0.406733558867886,1.63394190096677,-3.35846762044243
-3.55362864985261,1.17800802202976,-0.00414039643326614
-3.71731260327912,0.525655198002992,-0.0280643671524372
-2.30731977420161,-1.63453727420158,2.41726591751324
2.77963572711435,-2.44367318162156,0.595635617087609
2.62984026514752,-2.68428941319352,-0.0147692884286028
0.359469425861423,3.6753198815412,-0.614678334891832
-2.98599444778438,-1.84861557312719,-1.28349867468681
0.0160839212327777,0.158874407806777,-3.72238011896946
3.26557335391612,-1.71804948350372,0.865155386648242
3.09898545307991,-1.76727587132974,1.11097286779347
1.22706294557324,-2.54743863729742,-2.4145549227816
-1.11872305335692,-3.17999554849168,1.75101092364811
-1.85760166264098,1.75865699534338,2.6837162774627
3.53668493302192,0.869972619596312,0.842458677898221
-2.14847138421559,2.30146772006571,-1.96812952961212
1.90526459403534,2.75791078240609,1.7752725779709
1.55529129713502,-2.81932820759832,-1.94776459861864
-3.50409063583944,-1.01945668140668,1.03263209840707
-3.56104749476452,-0.937104675122114,0.748774628393871
1.18734668980517,-3.46822499110238,-0.587823775633882
-0.0562497545270198,3.41439787881776,1.51211705552617
-2.6275114643564,0.50976404427338,-2.59689622140564
-2.6216806471532,1.16171995046256,-2.4300175290696
-1.45462505813036,-2.82209425338559,2.05233350584893
-2.97200568471833,-2.20047799221959,-0.722965986257712
-3.49437167640652,0.868562323319762,-1.21161381965565
1.8224996351213,-1.79692367223079,2.72223122245196
1.15623017907316,0.996818950260042,3.44677168971692
1.24154242605948,-3.51492988846735,-0.0826468116911271
0.346815650741514,-3.71565767257283,-0.528667279573334
0.813065646166993,-3.68751609780959,-0.044159288374442
-0.255936063153578,-2.13060616314136,-3.05668527439916
-2.67997948463212,-2.66897381071733,0.344590916614241
-3.06124936220162,-2.22463138248787,0.0127444356425598
-1.89849773496657,1.32371028351022,-2.97083313762798
3.72132173455144,-0.367252446673408,0.0118912983785637
-0.232900554503148,2.65781588148753,-2.61683437679163
-2.8128033579708,-2.10203917756224,-1.3714141569722
-2.44902697253924,-2.70044862999955,1.03538564111277
-1.83833285951028,1.91065948074231,-2.64131496865923
3.71070788734707,-0.710640107782623,-0.329695796970338
-0.608392383089263,3.71598759463987,0.475225720459041
-2.38280388149921,-1.70764392347931,2.29661810178837
2.77428924962649,1.01765020791363,-2.28020878867855
2.36261274972729,-2.69241931122852,0.938779156563348
-1.32521952287576,-2.02701070175761,-2.85450362159667
3.63033664770053,-0.860110656305897,0.399058431640213
-1.63724432554462,2.59959975528818,-2.20339070132487
-1.55531294319153,2.81868255657622,-2.0139415662899
-2.89204952839533,1.44315883860202,1.81386641672787
2.89204494483539,-2.28867174551261,-0.697647063382288
-2.98087904047993,-0.581816109025886,-2.21268258158634
1.36875452443696,2.81705480415061,2.09843896412056
1.14184352397204,-2.64016790045668,2.35905915484719
0.523952521157023,-3.13619838174107,2.06288630115499
-2.06250033924733,3.10721202350952,-0.594638782065641
-3.40953552455723,1.57169686238896,-0.541537381501644
-2.3170329040971,-2.82754487752844,0.615674374170854
3.36852935933069,0.406961128257038,-1.62663664976854
-3.51439955189529,0.706937490779834,-1.03822167867578
-0.732918707346351,-3.27419003299797,-1.6438023018734
-3.71319316029233,-0.223055254652719,-0.727806017085249
-3.02285807084649,0.985167407397724,-2.07238711880694
-3.04524203719801,1.51260542630474,-1.65496994826671
-2.82296752877033,2.38825344701666,0.712615795937805
0.20727737507822,-3.62094061533988,0.95060225142805
-1.32237569632709,-2.78797575631369,-2.06515262679218
-0.704123715421048,3.3727799453513,1.44476008766858
1.77045259837284,0.795591612853421,3.1510864798812
1.29934587907589,-3.49379491795633,0.263587870355415
-1.01848433577168,2.88427536122577,-2.09407981760257
-1.25117580374254,2.96457823318975,-1.9208541570095
-2.74455085711529,-2.38318252757525,-0.814620012307434
1.2657428906829,2.80113352492293,2.08239794290951
-2.68554309551205,-1.7805120335473,-1.95893630588106
-2.04267810760968,0.854291017094681,3.03285021815882
-3.71527509421886,-0.564607134804765,0.0985238118918493
-3.48619279027766,1.06959419244706,-0.781585122533232
-2.04057109710815,3.1364807671634,-0.455025674577534
-2.16131873112019,3.03104504400629,-0.200262417488069
3.6343314062703,-1.0794839308213,-0.0553157857014165
2.77716641573208,2.08448127136649,1.49779292833355
0.111027295635753,-2.81069413399872,-2.44549237991007
0.381172541831961,-3.69904871656538,0.74702660913672
0.235377686964587,-3.57478486700266,0.979197571976723
-2.90738312676297,2.09832023424251,1.07499190552317
-2.31399276537551,-2.53060004685926,-1.40843791934353
1.45611838913365,0.479149170755233,-3.4497842898814
1.56818530553672,2.46163278863063,2.35875483235303
-3.63665338374302,0.515116465454184,0.662430431010892
-1.15152172971653,0.838916457577574,-3.44584914558245
-1.76580445495621,0.83867768347617,-3.1709206522264
0.0684049940795654,3.11564223034064,2.06228025347398
0.299427884531367,-1.30490960575198,3.46334438125681
-0.0459959673813576,2.26986038953481,3.00517213570571
-2.29165433152355,-0.0581529499042129,3.01962965466366
-3.45584218595508,1.39000698944366,-0.365334900803305
-2.35726645671856,1.84777275352242,-2.19861604252453
-2.88294303197046,1.56452771010686,1.91112994919791
1.25048493429304,-3.52373379416479,-0.0245319075199478
-1.6460697478577,-2.51242585193686,2.31606159465283
-0.188861320294684,-3.68229836074801,0.917558671711303
-0.0050204619843084,-3.58145938845066,1.13351014885772
1.72626293721026,0.636301811573563,3.21067374277769
1.50122107628304,-3.14510007749566,1.29833244265333
1.22909859269646,-3.04617690913529,1.90586232725838
1.33565257560731,-3.48437086932308,0.267675182471255
3.41214971969988,-1.21011677591042,0.823986860265789
3.17343191084769,-1.83837943199745,0.788932007487865
0.73793651268331,3.68284705903556,0.21066651778738
-0.186073841337056,3.65399889470231,1.02469850407569
1.53396128183741,-1.87951437066966,2.89175448811953
-1.7449083887649,-2.94330888864281,-1.56935016722515
-1.13696320106598,-3.46301230719713,0.740857642652795
-2.32891155141834,0.535601491605807,2.89719103478965
-0.0667530237412885,3.53336806738871,1.1861425908244
0.160739077362565,2.48749571893534,2.82819344209106
1.6237779841848,3.19837320542656,-1.21649602901921
0.581937017314974,-1.13492072663339,-3.48533250874167
0.86844646526877,1.20021851173853,3.46647725578969
3.08650660452085,1.83228816812712,1.24607396566783
3.50740308803618,0.908649473910918,1.03978262814246
0.734245918011933,-1.45108843657774,-3.40622030946719
-3.66105730048614,-0.392441230070601,-0.861634999966878
2.34463733958798,-2.62950668202934,1.37803215300212
3.21200582899553,-1.80342553048812,-0.806129460796645
2.89627186060548,-0.0281978630879933,2.33318341406254
-2.84062752659837,-0.798817696540502,-2.36587123114942
0.0669242185464671,3.05443515793919,2.17941254109067
2.81479811772883,2.19809320022101,1.07878510786393
-0.0836082077657498,-2.31069067915917,-2.92947638323574
-1.26672449116518,-1.08307856487916,-3.37086729851961
2.88818786938183,-2.43104253182225,0.111825935129664
1.60326913105206,-1.48772299502948,3.02066369455995
-0.713029600980251,3.62155856911334,-0.377420831923356
-1.87985246288053,0.758058047874515,3.09995464315655
-1.99495806602873,1.01900145291487,3.00372450499894
-2.3291157271381,-1.40364089386448,2.57782627151622
1.56722828749596,3.30374523331341,-0.739892714801545
0.904082523481814,0.596895592413645,-3.58466627826988
0.171051958497456,-3.61368765993744,0.832523818975306
0.395321829510459,-3.48603228076485,1.45408325227522
-2.4607723960055,1.67600356738042,-2.34341390044252
1.26371401153922,2.73699818619891,2.2686923651505
0.760246786194169,2.52983198261207,2.66433351201818
2.43382364690459,-0.698380981013721,-2.73155481023335
-0.178848346060216,3.67687721321032,-0.533572178560927
0.00178316974790543,3.74297419206386,0.111356069295604
-3.32812592013799,-1.44431926163103,0.853603745190636
2.21808283993202,-3.02681340973033,0.576466518149421
-3.14797920783446,1.97189022241806,0.258862860126127
-3.32408100641267,1.66880767464309,-0.315643994290559
-3.23334943391912,-1.51408548858248,-1.07471169385592
-0.456019796823375,-3.10916818610126,2.11155739303934
2.87566557913697,-0.286603122657878,2.4374216643012
2.66556857870265,-0.474785515389495,2.54252940651985
-2.12474166303293,-1.45187399598755,2.70132105143594
-1.60869911401081,-1.2632126912349,3.08995455447933
-3.22033715628485,-1.76265650516517,-0.845894232281212
0.315515454215821,2.84036495156671,2.39646094560078
0.34521905745097,3.26007980898706,1.8712123050357
1.65603356628868,-3.12202656302245,-1.183847849212
-1.78715985403506,2.43237107980316,2.28237822143325
3.33311407460604,-1.75679184021248,0.259403111703989
1.64735940983789,3.30032131832088,0.339784593588213
-3.31303856213342,-1.62486617957066,-0.537896055894621
-2.97926511643753,0.434888540412626,2.17326345191477
-2.5475068481638,2.23978026795774,1.66166464538615
2.1068937855876,-1.00963493067824,2.9919517979837
1.52867739046945,1.55520325731969,3.00447265947408
-1.37464433623694,-0.87780717027886,-3.39758542431047
2.92639054594588,0.319570409035331,2.37157242315065
0.735268030187096,-3.16092928723247,-1.86952687786188
-3.60961128057146,-1.07232717892115,0.159040021666127
-0.321876015972676,3.26571645747725,-1.89708019645459
-0.617072355052084,3.25426253618395,-1.83938332408596
-0.459474402845702,-2.88378131477223,2.40690630737185
2.8723942505524,1.99079009242203,1.47004450661793
-2.10076446949668,0.336729755855831,-3.13039737599737
0.0336055503630457,-3.23525258701318,1.96419645177296
3.17781742244425,0.00360020668848984,2.00326179091851
-2.52179623968984,2.77665344860402,-0.0749536316068246
2.53551415905224,-2.78661650575573,-0.0574914004163282
3.63315954778663,0.591581836812954,0.84623895283728
-2.5386326228751,-2.4571592020543,-1.10500058250598
3.30004364713917,1.80865092237708,0.0670341643894649
3.4052373716052,-0.596278497642695,1.37309526630474
3.54152752024016,-0.872743604279881,0.774830241255518
-2.88462923955348,-2.42465276677698,-0.303811088959443
-2.60339297237043,2.66189135117002,-0.256049928964842
1.26478495372822,1.46217440503609,-3.26153251767661
-0.763512911646389,-2.41243725027396,2.78372468979419
-1.36157267738866,1.25919067835139,3.2372834360318
2.09067385818739,-1.33126933864168,-2.8333042917079
2.07962129397293,-0.494187571597775,-3.06947424625115
1.87379764172167,0.130962616673239,-3.2100191368686
1.68489249936513,0.345357670422089,-3.3047369220887
1.50728906039199,0.16080187008478,-3.46284187149501
0.818357417271464,-0.0839708568118939,3.64560775525969
0.817145009921272,0.216668253987244,3.63092255433085
2.16542038730425,2.065583656517,2.29627976618717
-1.78551912940676,-1.96268277778267,-2.61866117474873
0.928634208951712,-1.85119948106714,-3.11146962157927
-1.36350583297541,-2.93104868522326,-1.92841763583681
-1.28493603583258,-3.24692441764324,-1.33936898874128
-1.77856672194302,-1.66308523104937,2.91405159716974
-2.9503721989155,-0.106504256761968,-2.26406432884655
-2.80814843256887,0.524704092939119,-2.44920594911009
3.27805257444176,1.44799892878818,-0.931228703224072
0.535428517352339,-0.274587120252329,3.70213150281107
0.690655485342513,-2.13288707368141,-2.94357015513021
1.65652270774837,-1.34734175392302,-3.11978994200824
1.86732411740696,-1.16251162107632,-3.01023818402225
-3.30030229322405,-1.35180495330853,-1.25044080070635
0.239168798794201,-3.59267285434299,-1.16098048886716
-0.359782338704576,0.112655558753714,3.7396806031636
0.313100171442095,0.123449130221129,3.74613245202205
-3.33387571577793,0.0580145904073185,1.634222681312
-0.709278554034202,1.52049371952232,-3.30593477078887
2.98473420282879,-0.367884108011995,2.21145387792453
3.37593468832908,-0.380017059257903,1.66396509115497
-1.80929001444318,3.29265055629253,0.155706548776799
-0.483705911086581,-0.742087882485971,3.60502104096334
-2.61127052382558,-2.44275621628694,1.27783812169416
-2.81554244772542,-2.24398121522373,1.18107821233817
-2.72202491178918,-0.427300494234386,2.57272743477212
2.3310429139599,-1.1478893712196,-2.75181705284635
-2.99662938633448,-1.64868718583998,1.63772243516401
-2.1039889169413,1.84125099926351,2.44366500346946
-1.29045562791614,3.14157947961075,1.52318225348594
-0.0254308471183209,-3.76379815869198,-0.209807339016233
1.48788045264096,0.812685006111499,-3.33878744542514
2.52186709136873,-2.44221036323543,-1.28915041438641
-0.0630621012014026,1.31358366749281,-3.51740468120799
-3.17874444581788,-1.74438465018511,1.03009758199379
-2.89646287275189,0.950971801503982,-2.206588158061
1.12103077631176,-2.56763928425922,2.53398627593369
-2.33732083012388,2.8423408665397,0.821997241096377
-2.18516758535399,2.8760801893052,1.07950849950136
-1.82549758030559,0.0943668756377287,-3.31082063729321
-1.63774726605448,0.311512500087921,-3.40136674312193
-1.49948819590012,-3.37487754180688,0.745519333850742
-0.309203617480923,-1.48275455300479,3.43218558721584
-0.584751997706661,-1.56357800869696,3.34195444422769
-3.02441385995526,-2.09599542040621,0.476267205445962
0.0540482033592948,3.21571085833027,-1.84314470296816
2.50078191554824,-2.41636603025937,1.36698538358694
2.54942126345128,1.58256127285544,-2.21883640127681
-0.852193501630761,-3.20371424467699,1.80142011018663
1.98153449962181,3.05672917929346,-0.750368180375443
2.78622939888043,-2.51867561098751,0.510036922751366
2.77160360401611,-2.47386565209625,0.212750606704444
-2.43903573146044,-2.84673618148576,0.388683621478753
1.79755487957295,0.380959624618946,-3.22098392719662
1.57570502601549,0.547925054794863,-3.33720005173493
-1.7877522690358,-0.57469570947254,-3.2903185432007
-2.74798319622486,1.24624598275731,2.16717426657795
-2.02705524610459,1.67254828994973,2.61305372635868
3.59470153232845,0.122113192778812,-1.13146899313416
-0.412855892351872,3.00002754294616,-2.26995806039895
-0.420363228153234,3.28116987166903,-1.65854033828955
-1.27231002091089,1.87002023559067,3.02344490245364
-1.44027168972848,3.4295226204828,0.73701797341493
2.77224516073359,-1.53128489080154,-2.06922865537709
-0.39437812680214,-0.372309398718184,3.66026904072047
-0.376612965337289,0.29207527123727,3.76612937024155
2.10323972103506,3.0982774976329,0.0579078987105327
3.09931535455722,-1.18367996130864,1.70816588307423
0.277837889113844,3.43740447406446,-1.3549272782137
-0.668865060671849,-2.6764143882333,2.59839556644981
2.08674189377092,2.67087167625905,1.673482980454
-3.71493362731884,0.0394104557602756,0.792178913139
-3.57356855795292,-0.150715432385786,0.977837373274377
-2.56761233282311,-2.18547596005877,-1.53707132362322
-2.80652832885205,-2.00728268004965,-1.57911061240279
-0.285970996729636,-3.72512073762667,0.52767451727189
-0.975623755778659,-0.753961427470616,3.58420475137586
-0.879139340849127,-1.36880148471043,3.32809645067272
-1.48827804967022,-1.0841005200656,3.29938418594018
0.369640045913831,-3.66218398613024,-0.669900930496834
-1.76563972098668,-1.76806260406786,-2.77522859102463
1.8540227184506,0.538472818730098,3.23556224163402
2.6541773564551,2.60124839868698,0.468210071319689
3.48464367754714,-1.26056536898598,0.746023552605911
-2.58098493871303,0.65585814395286,-2.61064123813102
-2.64455605883732,1.26524207985041,-2.33218310598877
1.37930923997968,0.558892417927545,-3.4592768292881
1.66438506931428,0.508308064451901,-3.37697254803467
-1.63625005956776,-2.89879217201653,1.6222813387981
-0.902267143886406,3.56435988058022,-0.78829277998562
-0.2990718629288,3.66784338127622,-0.508336322453067
0.516673397842583,1.22576291589977,3.47601220313338
0.182042503957737,0.666188481723406,3.64282832188104
0.644352868721116,-0.505847451429776,-3.61339758139739
-1.65571870650742,1.86052326103453,2.75199085987371
-1.93234173088308,1.84723553229469,2.63407504816806
-2.66895813684928,0.760668995270069,2.59154685810378
-3.08200209397372,-0.496240865382315,2.12229332184185
-1.45542241190488,0.180644252925337,3.46674546544745
1.92048116885259,-2.44103682583709,2.04464565329362
2.88750013434861,1.00998841989505,2.10305822866686
-2.29928537265026,-2.54969814630325,1.42302451503878
-0.626447309958002,0.145860459800331,-3.68815104635201
0.846053590658968,-3.68893855233864,-0.33095937421487
2.32549308026578,-2.55003007321235,1.45133840649829
2.59445788676043,-2.01388492033106,1.7565191855608
-1.92192079693829,-1.46808781835277,2.80783775915254
-0.280469390226982,-3.65685242389093,0.508957218662877
-2.62659622550364,2.26178400141748,-1.44756664929675
0.324335934784654,-3.58371457985921,1.07546059519712
-0.277374846828209,-0.670034547013822,-3.70339911109198
-0.655536352168925,2.00449292562386,3.07476594449038
1.09375684568875,0.518674057411866,-3.58775635237047
-0.464249626435948,3.48645633978081,1.27280432835149
1.4582434686212,-0.0804576921206536,3.42921293854234
-1.86469596170929,1.82106956691294,-2.70840844158307
1.71428819392591,-2.80944652624274,-1.76203158197493
2.26202904117189,-2.42167717223431,-1.81246859566667
2.54324366716474,-1.31345273122913,2.46154022725884
-2.41933903837698,-2.65924899757835,-1.17786049821188
-1.86842920651875,-3.00312271158551,-1.35443406921519
1.43366794500347,-0.100165016412106,3.42137880093095
-3.12817611790117,1.7110218702597,-1.02474314779117
1.4213999576506,3.20000428219398,-1.21294381580014
1.32304969142725,-1.50898349980785,-3.16980590366298
2.62051819695123,-0.1011933246076,2.62764085674976
2.45498544454402,-0.304985221886837,2.77484401732664
0.743516467688046,-2.38904831603365,2.73442773911292
-2.82153088780023,1.89670741852507,1.6878252283439
2.89059492860653,-0.936602805024305,-2.19402696034104
-0.183216529223825,-1.00270153003539,-3.64237266911236
-0.625965613920341,-1.45373448620314,-3.41113357109696
0.99482769781808,-1.76928145733637,3.17544974996998
0.438848433362675,-2.12752697679366,3.05104635257104
-2.86157579386986,2.21086186403581,1.04249562030235
-1.37394504527749,0.783525220884843,3.40265895056296
-1.65892469673622,0.176365838664665,3.34722355720752
-3.00186891865598,2.2114104675887,0.280632533357564
-0.994302215045195,-2.05950233398135,2.94607953460217
-3.17900017370507,-1.7939864949251,0.736207372424035
-3.56945899588759,-0.27552126835748,1.02531470661271
-2.1952271768601,-3.04171077224349,0.352771779389762
-0.718040515157813,0.699692178502196,3.5925879423783
0.336506874151983,-3.67414647403429,0.53841960617577
0.628813137215358,-3.63107552852631,0.480948376617203
3.51708387354891,0.802492006043629,0.875877246443327
2.94113029004377,-2.350665703056,-0.132238606492344
2.51831066096718,-2.74485348706979,-0.476866742606955
-0.189147607944778,-2.70386039976753,2.60372705855835
-2.65479454164983,-2.26134246224832,-1.44684338027377
0.0312041427716197,1.74392944405921,3.35069091116638
-2.36426500481696,1.68422652624841,-2.39336760126773
-0.143713045376396,1.84992297691479,-3.22689597380578
-0.61676767560517,-0.545837361897717,-3.62698705194813
-0.720965890881868,3.53516629015601,0.86768860925001
-1.00751875511791,3.52680188117753,0.77593626508072
2.98000512132555,-0.0558158032176502,-2.27136040227239
2.3866719820232,2.39833359843962,-1.70551829586306
-3.16430677451469,-1.21226605009164,1.6648282011136
-0.529526771720773,-3.24380427787749,1.72944404941432
-0.776060136127602,-0.470993014583197,-3.60390058383437
-0.801570925157777,-1.12325445632049,-3.44009212475535
